date_month,segment,make,make_model,incentive_pnv,incentive_index,incentive_pnv_mom_pct,incentive_pnv_yoy_pct,incentive_index_mom_delta,incentive_index_yoy_delta
2026-08-01,entry luxury ev suv,volvo,volvo_ex40,17388,180.84318841843498,0.6597938144329898,0.28220632696703785,63.73102675236011,81.61216271612852
2026-08-01,entry luxury ev suv,volvo,volvo_ex30,9915,103.12055516268592,0.13443935926773465,,5.415296193471107,
2026-08-01,entry luxury ev suv,genesis,genesis_gv60,5252,54.62321288093055,-0.4933436233841405,-0.6171453564659571,-61.2592487294677,-45.75664189262892
2026-08-01,mid-luxury car,volvo,volvo_v90,8077,407.6815972338312,0.0,0.052926606700560486,90.34906678734728,207.32922649641836
2026-08-01,mid-luxury car,audi,audi_a7,5742,289.8239112686219,,5.731535756154748,,267.545124638585
2026-08-01,mid-luxury car,audi,audi_s7,5241,264.5362450294056,0.0,2.6624737945492662,58.62566039773267,227.1611645281362
2026-08-01,mid-luxury car,audi,audi_a6,3318,167.4740051531326,0.4932493249324932,-0.369561086832605,80.17514633772002,30.01415282735971
2026-08-01,mid-luxury car,genesis,genesis_g80,3243,163.68842637480682,-0.39507554560716285,-0.3975478357793052,-46.93676809388208,23.094395390646554
2026-08-01,mid-luxury car,mercedes_benz,mercedes_benz_e_class,2475,124.9240996847508,-0.23327137546468402,0.8721633888048412,-1.8989049309790715,90.39589813151656
2026-08-01,mid-luxury car,mercedes_benz,mercedes_benz_cle,2013,101.604934410264,-0.425513698630137,1.157556270096463,-36.06167283060263,77.23669534130217
2026-08-01,mid-luxury car,bmw,bmw_5_series,1418,71.57267610221278,-0.3407717340771734,-0.8162974478559399,-12.93670522629867,-130.033366098555
2026-08-01,mid-luxury car,bmw,bmw_m5,1257,63.44630032474011,-0.4553726169844021,-0.7795123662515349,-27.231362207200576,-85.45330410414668
2026-08-01,mid-luxury car,audi,audi_rs_7,163,8.2273245448947,17.11111111111111,11.538461538461538,7.873728807118501,7.887788523569401
2026-08-01,mid-luxury car,audi,audi_rs_6,0,0.0,,,0.0,0.0
2026-08-01,mid-luxury car,volvo,volvo_s90,0,0.0,,,0.0,0.0
2026-08-01,mid-luxury suv,land_rover,land_rover_defender_130,11898,200.83104702489317,-0.014903129657228065,0.5823912754355633,6.919527669944898,2.0744261411584546
2026-08-01,mid-luxury suv,land_rover,land_rover_defender_110,10967,185.11632986401102,0.17319212665810868,2.187154896832316,35.03478631954533,94.15722194262105
2026-08-01,mid-luxury suv,land_rover,land_rover_discovery,10868,183.44526971478726,0.2677009214977255,0.5949515702964485,45.80630172091645,3.324560218608468
2026-08-01,mid-luxury suv,bmw,bmw_x5,10462,176.59223516342513,-0.0155264891314576,0.8983850480856468,5.976428226429334,30.91491933814757
2026-08-01,mid-luxury suv,volvo,volvo_xc90,10053,169.6885624257229,-0.030194867837159967,0.7538381018841591,3.2630938354435557,18.169350973991612
2026-08-01,mid-luxury suv,land_rover,land_rover_range_rover_velar,9339,157.6366740767757,0.034333813268357494,0.39638157894736836,12.676655178296812,-19.15336189481863
2026-08-01,mid-luxury suv,lincoln,lincoln_nautilus,7672,129.49872186711886,0.07541351275581731,0.22165605095541396,14.96280705686874,-36.50627602486864
2026-08-01,mid-luxury suv,land_rover,land_rover_defender_90,7121,120.19817497598456,0.0,3.078465063001145,5.870974336260545,74.04455613531414
2026-08-01,mid-luxury suv,jaguar,jaguar_f_pace,7088,119.64115492624329,-0.10999497739829234,0.6061636075232268,-8.220356925289096,2.98827981520175
2026-08-01,mid-luxury suv,cadillac,cadillac_xt6,6837,115.4044266691204,0.36195219123505984,1.3374358974358973,34.808646973654234,38.08521984840965
2026-08-01,mid-luxury suv,genesis,genesis_gv80,6382,107.72430174086973,-0.2517293938328057,0.5471515151515152,-29.208249060451166,-1.3156053139787502
2026-08-01,mid-luxury suv,bmw,bmw_x5_m,6046,102.05282487077694,0.32996040475142974,0.3486504572830693,29.067084931416545,-16.4504244205893
2026-08-01,mid-luxury suv,acura,acura_mdx,5753,97.10716200489244,0.008944230094703576,0.7636419374616799,5.561915824902783,10.87972520176136
2026-08-01,mid-luxury suv,mercedes_benz,mercedes_benz_gle,5546,93.61312714742456,-0.03915453915453915,2.3090692124105012,0.944035433832795,49.30988248707885
2026-08-01,mid-luxury suv,audi,audi_q7,5346,90.23724805808361,0.4491732176741665,0.8614206128133706,31.010588437251997,14.31903883104728
2026-08-01,mid-luxury suv,lincoln,lincoln_aviator,5178,87.40150962303721,-0.08725542041248013,-0.17665765622515506,-3.678143407317279,-78.84139352070633
2026-08-01,mid-luxury suv,lexus,lexus_tx,3194,53.91278905677498,0.11522346368715075,8.204610951008645,7.931451796254045,44.74021990573682
2026-08-01,mid-luxury suv,cadillac,cadillac_xt5,2366,39.936649626903446,0.1452081316553726,-0.3881561934316007,6.767151449446651,-62.283306877605426
2026-08-01,mid-luxury suv,bmw,bmw_x6_m,1800,30.382911804068556,0.0,-0.5687589841878294,1.4840266542998108,-79.95225717700721
2026-08-01,mid-luxury suv,lexus,lexus_rx,1686,28.458660723144213,-0.0463800904977375,-0.32397754611066565,0.07353353159357923,-37.46752793013872
2026-08-01,mid-luxury suv,infiniti,infiniti_qx60,968,16.339254792410202,0.0,-0.7828135517164012,0.7980765563123438,-101.47671266054972
2026-08-01,mid-luxury suv,bmw,bmw_x6,446,7.52821036923032,0.0,-0.8893574795336145,0.36770882656539783,-99.0269085006107
2026-08-01,mid-luxury suv,lexus,lexus_gx,239,4.034175511762436,-0.32485875706214684,2.103896103896104,-1.6492719010254167,1.9987639134052646
2026-08-01,mid-luxury suv,infiniti,infiniti_qx65,0,0.0,,,0.0,
2026-08-01,near luxury car,genesis,genesis_g70,7817,212.42559449898928,0.005660620095201407,0.9814955640050698,-6.937586367943652,80.0248136807322
2026-08-01,near luxury car,bmw,bmw_3_series,6900,187.50628144339595,-0.06895155849413037,0.12506114462742546,-21.640834651398848,-18.327429268485105
2026-08-01,near luxury car,volvo,volvo_v60,6203,168.5654295352732,-0.040080470442587446,-0.19357774310972442,-13.799792999413597,-89.59092180922198
2026-08-01,near luxury car,audi,audi_a5,5411,147.04296940437905,0.23173230138857281,0.9187943262411347,23.067354641940312,52.399065245320756
2026-08-01,near luxury car,acura,acura_tlx,4004,108.80799288396484,0.0,0.6880269814502529,-4.189585424435961,29.199716052303046
2026-08-01,near luxury car,lexus,lexus_es,3546,96.36192376786695,0.0,0.11090225563909772,-3.710357121640854,-10.76692093983307
2026-08-01,near luxury car,mercedes_benz,mercedes_benz_c_class,2676,72.71982741196051,0.06826347305389224,-0.14258250560717722,2.0257880357007707,-32.02613885769232
2026-08-01,near luxury car,lexus,lexus_is,2625,71.33391141868324,-0.08312958435207829,0.07405891980360058,-9.463308036099846,-10.690805519167284
2026-08-01,near luxury car,cadillac,cadillac_ct5,1929,52.420234333958085,0.10417859187178014,0.3321823204419889,3.1178443977002956,3.8229388650515546
2026-08-01,near luxury car,audi,audi_s5,1712,46.52329765668027,-0.46550109272556983,-0.13096446700507614,-43.86912075535963,-19.5931885820945
2026-08-01,near luxury car,bmw,bmw_4_series,1070,29.077061035425167,-0.11350455675227833,-0.5959214501510575,-4.9858952628365145,-59.7942362032934
2026-08-01,near luxury car,bmw,bmw_m4,948,25.761732580918746,0.0,-0.7224824355971897,-0.9919398057855382,-88.88492579047953
2026-08-01,near luxury car,bmw,bmw_m3,0,0.0,,,0.0,0.0
2026-08-01,near luxury car,lexus,lexus_rc,0,0.0,,,0.0,0.0
2026-08-01,near luxury suv,volvo,volvo_xc60,10181,231.27451047727814,0.010019841269841345,0.45422082559634336,14.609758953072088,34.73059891468307
2026-08-01,near luxury suv,bmw,bmw_x3,6443,146.36103241382017,-0.028644655510327133,0.48422022575443435,3.787887884052452,24.49313924238392
2026-08-01,near luxury suv,land_rover,land_rover_range_rover_evoque,6082,138.1604530716831,0.6380285483436574,1.1713673687968584,58.35130402313378,59.526044231970374
2026-08-01,near luxury suv,mercedes_benz,mercedes_benz_glb,4308,97.86176123525334,0.018680539134547258,1.1507738392411384,6.961440382488718,41.630157912888265
2026-08-01,near luxury suv,bmw,bmw_x4_m,3868,87.86659527807798,,0.14235085646780865,,-7.190922869464785
2026-08-01,near luxury suv,genesis,genesis_gv70,3662,83.1870403072186,-0.39047936085219703,0.03768773023519412,-45.95202984728833,-15.885015671127064
2026-08-01,near luxury suv,land_rover,land_rover_discovery_sport,3641,82.70999829562614,3.2584795321637428,0.48128559804719284,64.33218455026937,13.704865511615466
2026-08-01,near luxury suv,porsche,porsche_macan,3472,78.87094591662014,0.08737864077669899,-0.33050520632472036,10.238946748287816,-66.71921625501506
2026-08-01,near luxury suv,audi,audi_q5,3202,72.73754862471708,0.2320123124278568,0.7068230277185501,16.873293742632605,20.07130407516297
2026-08-01,near luxury suv,bmw,bmw_x4,3109,70.62493400195048,0.0,0.04785979103471516,3.798474429653197,-12.669707564428549
2026-08-01,near luxury suv,acura,acura_rdx,2679,60.85693090743818,0.07676848874598075,-0.2737869341284901,7.378567634400028,-42.7069156508268
2026-08-01,near luxury suv,mercedes_benz,mercedes_benz_glc,2407,54.678101043002506,-0.15839160839160837,0.009224318658280994,-6.796223298190874,-12.27765228891996
2026-08-01,near luxury suv,cadillac,cadillac_xt4,2149,48.81729918629513,0.0,0.7878535773710482,2.625577854398422,15.072722454651185
2026-08-01,near luxury suv,lexus,lexus_nx,2018,45.84146568540883,-0.08480725623582763,-0.3490322580645161,-1.5539487105112428,-41.186976800528136
2026-08-01,premium luxury car,bmw,bmw_7_series,13052,147.19198490947173,-0.19536403427655513,-0.17720481623904683,7.441221829902787,-5.457731078227511
2026-08-01,premium luxury car,audi,audi_s8,11398,128.53924639887825,0.17384140061791964,-0.035620610880785164,44.88349709226249,14.804959488544938
2026-08-01,premium luxury car,genesis,genesis_g90,7984,90.03837017447306,-0.030479659987856733,0.06354069535100582,19.090368574063092,17.798477473240112
2026-08-01,premium luxury car,audi,audi_a8,7541,85.04250369309887,-0.04107324516785349,-0.19407929892059417,17.29082371913117,-4.9999468204800195
2026-08-01,premium luxury car,mercedes_benz,mercedes_benz_s_class,7168,80.83605177988763,-0.4163816967920534,-0.06909090909090909,-24.978563357481562,6.738919263636973
2026-08-01,premium luxury car,porsche,porsche_panamera,3613,40.74506906818276,0.5381013197105151,1.6703621581670363,20.507442382164175,27.725144354613
