date_month,geo_level,region_code,region_name,entity_level,brand,model_series,display_name,segment,average_inventory,market_average_inventory,inventory_share,weighted_avg_msrp,market_weighted_avg_msrp,msrp_inventory_weighted_index,retail_sales,market_retail_sales,retail_share,inventory_retail_ratio,average_inventory_mom_pct,average_inventory_yoy_pct,inventory_share_mom_pp,inventory_share_yoy_pp,weighted_avg_msrp_mom_pct,weighted_avg_msrp_yoy_pct,msrp_inventory_weighted_index_mom_delta,msrp_inventory_weighted_index_yoy_delta,retail_sales_mom_pct,retail_sales_yoy_pct,retail_share_mom_pp,retail_share_yoy_pp,inventory_retail_ratio_mom_delta,inventory_retail_ratio_yoy_delta
2026-08-01,Region,CE,Central,Brand,Genesis,brand,Genesis,Luxury Market,2207.0,29876.0,0.07387200428437542,69683.5497049478,69671.51795342272,100.01726925417805,728.0,14714.0,0.049476688867745006,1.4930668558245876,-0.03876306620209058,-0.33882564409826244,-0.0014634946164350238,-0.050838449276111766,-0.0045149306524324695,0.012295733526712871,0.6309062207789111,-1.2937439163513034,0.025352112676056304,-0.20175438596491224,-0.0008922101106885946,-0.007907064986152935,-0.0026080631976996838,-0.6802042389526306
2026-08-01,Region,CE,Central,Model,Genesis,g70,G70,Near Luxury Car,271.0,4187.0,0.06472414616670648,55171.9335793358,60092.70047345768,91.8113733359423,69.0,1247.0,0.05533279871692061,1.169724786520043,0.03041825095057038,-0.23229461756373937,-0.009007280802735634,-0.021731891060822295,-0.0026870142689762178,0.04354845045962907,0.5352637629482331,-1.5849563911118167,0.18965517241379315,-0.32352941176470584,0.002605525989647882,-0.01120340480558428,-0.22862986290041087,-0.12965859651722766
2026-08-01,Region,CE,Central,Model,Genesis,g80,G80,Mid Luxury Car,121.0,1626.0,0.07441574415744158,75880.42148760331,77860.56022797289,97.45681416294487,32.0,399.0,0.08020050125313283,0.9278713099630997,0.10000000000000009,0.13084112149532712,0.00948067922237665,-0.015274113344653978,0.0011878890903251893,0.05643036774448551,-0.3421174743857165,8.323248461305425,-0.11111111111111116,-0.08571428571428574,-0.00825158719895562,-0.00908521303258146,0.19374432583611567,-0.07665509406037052
2026-08-01,Region,CE,Central,Model,Genesis,g90,G90,Premium Luxury Car,49.0,640.0,0.0765625,106116.83673469388,132826.101,79.89155439765102,11.0,165.0,0.06666666666666667,1.1484375,-0.039215686274509776,0.2564102564102564,-0.008721780936454843,0.020285443722943726,0.00016977761565017957,0.03948341072811101,1.8129070527705125,1.8899715400814188,-0.5217391304347826,-0.38888888888888884,-0.05901639344262295,-0.04176706827309237,0.4698712647229897,0.629437981000481
2026-08-01,Region,CE,Central,Model,Genesis,gv60,GV60,Entry Luxury EV SUV,1.0,113.0,0.008849557522123894,,48422.17857142857,,1.0,22.0,0.045454545454545456,0.19469026548672566,-0.5,-0.9285714285714286,-0.007817109144542773,-0.15206998270776118,,,,,-0.5,-0.9090909090909091,-0.04978354978354978,-0.15824915824915825,0.019690265486725644,-0.5952783865508919
2026-08-01,Region,CE,Central,Model,Genesis,gv70,GV70,Near Luxury SUV,891.0,8776.0,0.10152689152233364,62050.299663299666,62162.03313892078,99.82025447048778,306.0,3163.0,0.09674359785014228,1.0494429996246448,-0.07954545454545459,-0.39470108695652173,-0.005612012738872782,-0.07518379275137584,-0.006811259961552185,-0.006364223467135388,-1.02884058893234,-1.3071115629927164,0.0,-0.23308270676691734,-0.000122499015954583,-0.01635164024509582,-0.05660862966016267,-0.5130514718481547
2026-08-01,Region,CE,Central,Model,Genesis,gv70_ev,GV70 EV,Near Luxury EV SUV,4.0,498.0,0.008032128514056224,70940.25,60452.50334004024,117.34873839875095,3.0,2535.0,0.001183431952662722,6.787148594377509,3.0,-0.9344262295081968,0.005738550532404848,-0.07999095950903179,-0.06275267538644469,0.028451631210932637,-7.219245054144238,8.635087279385573,2.0,-0.8636363636363636,0.0008144282626258216,-0.005375900188064768,0.5715522641022792,-6.632371279687819
2026-08-01,Region,CE,Central,Model,Genesis,gv80,GV80,Mid Luxury SUV,870.0,20563.0,0.042309001604824197,79134.29296424452,73882.39020801871,107.10846352079146,306.0,7183.0,0.04260058471390784,0.9931554200243535,-0.03440621531631516,-0.326625386996904,0.0009065569765731168,-0.03567735681854756,-0.005756905271021573,-0.0015370233112286247,1.0563382546505835,-3.859363408503995,0.07746478873239426,-0.058461538461538454,-0.000984436771666132,-0.004734107974702702,0.04323172566631117,-0.6543963859290942
2026-08-01,Region,EA,Eastern,Brand,Genesis,brand,Genesis,Luxury Market,3873.0,56187.0,0.06893053553313044,68630.73667873771,69111.53907451623,99.30430952310276,1379.0,28365.0,0.04861625242376168,1.4178496304548551,0.14994061757719712,0.07732962447844227,0.01129483151505939,-0.0038958156539694727,0.0022130917600760025,0.05494954679279962,1.2734647204201508,1.9531321428820263,0.07315175097276261,-0.07511737089201875,-0.0011629371632841112,-0.0034201835515288714,0.260022343666928,0.018323513376401923
2026-08-01,Region,EA,Eastern,Model,Genesis,g70,G70,Near Luxury Car,563.0,9098.0,0.0618817322488459,54534.342245989305,59418.1354255553,91.78063541612666,135.0,3057.0,0.04416094210009813,1.4012774480349772,-0.02086956521739125,-0.2391891891891892,-0.005424834530973838,-0.014509307288678622,-0.011893476888173105,0.03110507889315639,-0.4880918488100434,-2.0111401709259553,-0.08783783783783783,-0.35096153846153844,-0.015396401964288188,-0.02591992043359459,0.27116380987381494,0.31123607617260807
2026-08-01,Region,EA,Eastern,Model,Genesis,g80,G80,Mid Luxury Car,298.0,3938.0,0.07567293042153378,73887.71621621621,76411.44316017315,96.69718717566069,84.0,988.0,0.08502024291497975,0.8900578006723259,0.4123222748815165,0.6836158192090396,0.022403554001437842,0.01807449241307299,-0.0015791283838710868,0.009921956924692,-0.22970143285022004,4.6036240451571615,0.5555555555555556,0.6799999999999999,0.021788392797883735,0.03249923451161841,0.04761247728784568,-0.20661645900876757
2026-08-01,Region,EA,Eastern,Model,Genesis,g90,G90,Premium Luxury Car,71.0,1384.0,0.05130057803468208,105826.8309859155,129319.53902654868,81.83359744592792,24.0,474.0,0.05063291139240506,1.013186416184971,0.044117647058823595,0.392156862745098,0.00032606529105389664,0.019062904204087898,0.0003179770746191135,0.022996784831402328,3.125811825865256,1.7199157887514644,0.04347826086956519,-0.2727272727272727,0.007399828685638148,-0.04206371782107809,-0.16587622640677657,0.6654102984973489
2026-08-01,Region,EA,Eastern,Model,Genesis,gv60,GV60,Entry Luxury EV SUV,21.0,379.0,0.055408970976253295,63899.28571428572,50456.810026385225,126.64154884320087,13.0,73.0,0.1780821917808219,0.31114268317434546,-0.30000000000000004,-0.7961165048543689,-0.03154755076287714,-0.2529742625566808,0.01611736601018765,-0.023185967545815256,3.99975154063803,3.378106782132079,-0.2777777777777778,-0.6388888888888888,-0.07191780821917809,0.009857892715401356,-0.03668340378217627,-1.5220243161603184
2026-08-01,Region,EA,Eastern,Model,Genesis,gv70,GV70,Near Luxury SUV,1511.0,19836.0,0.07617463198225449,62217.88063660477,61865.372205213695,100.56979925736447,660.0,7691.0,0.0858145884800416,0.887665294811393,0.14643399089529585,0.03422313483915129,0.009846817579355793,0.006323800083229816,0.0034947074882694107,0.03791541300476409,0.5840144498711339,1.36931732389219,0.044303797468354444,-0.14174252275682708,0.0008340855890909549,-0.00937045917437107,0.10715903576968788,0.15382280988002706
2026-08-01,Region,EA,Eastern,Model,Genesis,gv70_ev,GV70 EV,Near Luxury EV SUV,20.0,694.0,0.02881844380403458,68451.0,60169.97513708513,113.7627194361444,8.0,4043.0,0.001978728666831561,14.564121037463975,2.3333333333333335,-0.5555555555555556,0.019233779267293367,-0.005664314816655074,-0.10151604646583978,-0.04539250754470581,-11.147187377330212,1.6689622094522178,,-0.6190476190476191,0.001978728666831561,-0.0016766238135861936,,5.130623500518162
2026-08-01,Region,EA,Eastern,Model,Genesis,gv80,GV80,Mid Luxury SUV,1389.0,34145.0,0.040679455264313956,78338.89416846652,74591.14887694425,105.02438338589617,455.0,12039.0,0.037793836697400114,1.0763515646748918,0.1974137931034483,0.3644400785854618,0.009746946797873062,-0.0007531861683274799,-0.012228143542717507,0.009886300735382658,-0.07036978111121073,-2.034205121937717,0.10975609756097571,0.21657754010695185,0.0009266484949003381,0.001620125506762722,0.23732613380833278,-0.06902832776382417
2026-08-01,Region,MA,Mid-Atlantic,Brand,Genesis,brand,Genesis,Luxury Market,2011.0,25935.0,0.07754000385579334,71660.13998970664,69564.1889570076,103.01297415254045,555.0,12100.0,0.045867768595041325,1.6905117957749538,-0.03224254090471612,0.4142053445850915,0.0016728990730258964,0.0022541080489318355,0.010786488390302607,0.05397124268924158,2.0502723370565548,2.6820240348205004,0.06525911708253362,-0.1328125,-0.0005258200069177127,-0.0001985957611092548,0.0552189230101201,0.05621968570506808
2026-08-01,Region,MA,Mid-Atlantic,Model,Genesis,g70,G70,Near Luxury Car,246.0,4234.0,0.05810108644307983,55348.718614718615,59039.147339971554,93.74918356458988,56.0,1476.0,0.037940379403794036,1.5313786355354613,-0.019920318725099584,0.3085106382978724,-0.002703177122811637,0.008180746559914673,-0.00012254451102822195,0.07345638195282023,-0.011827503243196702,1.5314958536229568,0.1428571428571428,-0.19999999999999996,-0.009864498644986452,-0.009939237559270259,0.2594527140040581,0.4887566796899261
2026-08-01,Region,MA,Mid-Atlantic,Model,Genesis,g80,G80,Mid Luxury Car,105.0,1372.0,0.07653061224489796,75763.45544554456,77646.59461820852,97.57473050566684,25.0,340.0,0.07352941176470588,1.0408163265306123,0.09375,0.2962962962962963,0.010048617785064162,-0.002570950255102039,0.008344778635022143,0.0626168815716801,0.7508094367602922,7.220397066465253,0.08695652173913038,-0.1071428571428571,-0.00018853695324283493,3.859811641192257e-05,0.13897361907547556,-0.0355299346301019
2026-08-01,Region,MA,Mid-Atlantic,Model,Genesis,g90,G90,Premium Luxury Car,69.0,471.0,0.1464968152866242,106097.984375,131263.65695067265,80.8281491158443,8.0,126.0,0.06349206349206349,2.3073248407643314,0.1499999999999999,1.3793103448275863,0.020181025812939984,0.08707058577842748,0.00376709123496477,0.031854851049095245,1.8963075232994129,1.136851532801444,-0.4285714285714286,-0.3846153846153846,-0.06494830348041358,-0.04484126984126985,1.32386619414779,1.7587750299194387
2026-08-01,Region,MA,Mid-Atlantic,Model,Genesis,gv60,GV60,Entry Luxury EV SUV,16.0,220.0,0.07272727272727272,59616.875,50347.35,118.41114775653536,6.0,45.0,0.13333333333333333,0.5454545454545454,-0.05882352941176472,-0.33333333333333337,0.0039013617960986374,-0.06600105097214923,-0.023102809278474634,-0.04476465027345744,-0.9686227847197415,-5.617078837193475,-0.33333333333333337,-0.4545454545454546,-0.0072916666666666685,0.039316239316239315,0.056025845499529714,-0.9301103520756699
2026-08-01,Region,MA,Mid-Atlantic,Model,Genesis,gv70,GV70,Near Luxury SUV,759.0,8434.0,0.08999288593787053,62671.04884667571,62106.677475704855,100.90871286938771,230.0,2764.0,0.08321273516642547,1.081479724922931,-0.08774038461538458,0.45124282982791586,-0.005584368513594146,0.013586750072275194,0.0038921776844866862,0.034207408458594823,0.15836752643069474,2.557506016109855,0.040723981900452566,-0.14179104477611937,0.0027613336374848058,-0.00035446159066838956,-0.10653257362084023,0.16717197223276603
2026-08-01,Region,MA,Mid-Atlantic,Model,Genesis,gv70_ev,GV70 EV,Near Luxury EV SUV,8.0,298.0,0.026845637583892617,74444.125,59483.74595890411,125.15036469194737,3.0,2253.0,0.0013315579227696406,20.161073825503355,1.0,-0.8181818181818181,0.009824360988147936,-0.059768535644453835,0.0011649799952930806,0.0524460425413511,1.137960662962044,15.643454953042237,,-0.88,0.0013315579227696406,-0.005881367639838553,,8.152884849125401
2026-08-01,Region,MA,Mid-Atlantic,Model,Genesis,gv80,GV80,Mid Luxury SUV,808.0,16728.0,0.048302247728359636,81768.106870229,75244.94976532568,108.6692291313208,227.0,5096.0,0.0445447409733124,1.0843535437168312,-0.012224938875305624,0.5159474671669793,0.0039397551853800825,-0.0013391791134024916,-0.0019702842032667256,0.039431838500558314,1.5141675898343152,0.5204647025978346,0.1073170731707318,0.008888888888888946,0.0017740336918602856,0.0007704219071645452,0.047136827821704363,-0.04967727391275689
2026-08-01,Region,MS,Mountain States,Brand,Genesis,brand,Genesis,Luxury Market,997.0,19088.0,0.05223176865046102,71863.90030832477,71779.89973767549,100.117025199194,413.0,10063.0,0.04104143893471132,1.272659292807722,-0.06032045240339301,-0.05497630331753556,-0.0008447696186735451,-0.01593830113501326,-0.0077401719025398386,0.03164989226875892,-0.058498981981770726,-0.04912766180687811,0.15686274509803932,-0.03953488372093028,0.004035115725423463,0.004251568982623709,-0.1615966306722254,-0.5802983249890765
2026-08-01,Region,MS,Mountain States,Model,Genesis,g70,G70,Near Luxury Car,86.0,2547.0,0.03376521397722811,55996.14117647059,60740.36329787235,92.18934187446992,31.0,739.0,0.04194857916102842,0.804919133199083,-0.0337078651685393,-0.0444444444444444,-0.002472571039058534,-0.007671250111169675,-0.0015235499193725355,0.03338021577857919,0.19373070763765554,-0.11731968665543491,0.29166666666666674,0.06896551724137923,0.003671067199305933,0.0019485791610284187,-0.14179300035140563,-0.23099246901086157
2026-08-01,Region,MS,Mountain States,Model,Genesis,g80,G80,Mid Luxury Car,37.0,1155.0,0.032034632034632034,75276.05405405405,78684.43120629371,95.66829536671159,18.0,189.0,0.09523809523809523,0.33636363636363636,0.5416666666666667,0.15625,0.010982000455684666,-0.003442086368915638,0.01657484307755608,0.07686057592535467,1.2114764944609675,12.066510636685834,0.3846153846153846,0.5,0.01548349401110137,0.04214075010535187,0.07239602502760395,-0.3317812269031782
2026-08-01,Region,MS,Mountain States,Model,Genesis,g90,G90,Premium Luxury Car,10.0,274.0,0.0364963503649635,106151.2,132738.6561264822,79.9700728466409,5.0,64.0,0.078125,0.46715328467153283,-0.23076923076923073,0.6666666666666667,-0.011830787181504904,0.0164963503649635,-0.004178513389081595,0.03788117543725278,1.126464866696054,6.681338011219381,0.25,-0.2857142857142857,0.01842350746268657,-0.019097222222222224,-0.342326269231813,0.2614389989572471
2026-08-01,Region,MS,Mountain States,Model,Genesis,gv60,GV60,Entry Luxury EV SUV,18.0,244.0,0.07377049180327869,60077.0,49602.14049586777,121.11775701495154,18.0,76.0,0.23684210526315788,0.3114754098360656,2.6,0.8,0.05532030730143367,0.018214936247723135,-0.07265396596062601,-0.04785526930970818,-10.674209312671763,-4.6095490434083075,0.5,0.3846153846153846,0.04329371816638369,0.14263920671243324,0.216149456576533,-0.27826817990752406
2026-08-01,Region,MS,Mountain States,Model,Genesis,gv70,GV70,Near Luxury SUV,419.0,7498.0,0.05588156841824486,64566.0193236715,63884.25776322894,101.06718240817531,158.0,2166.0,0.0729455216989843,0.7660726404678379,-0.10470085470085466,-0.025581395348837188,-0.006072363273574043,-0.007643324475831076,-0.0004512143820594172,0.026891559141152266,-0.6686399589592895,-0.18980656053365408,0.05333333333333323,-0.1459459459459459,0.0025229864877166913,-0.007805242159592746,-0.1136731895559906,-0.020605898020421454
2026-08-01,Region,MS,Mountain States,Model,Genesis,gv70_ev,GV70 EV,Near Luxury EV SUV,8.0,346.0,0.023121387283236993,72379.42857142857,59510.59860869565,121.62443373717389,11.0,3108.0,0.0035392535392535394,6.532842879663688,7.0,-0.9036144578313253,0.020222836558599314,-0.10094438252244313,0.08266537883757752,0.05588370438182544,8.437494100346441,12.236173520151922,10.0,-0.5769230769230769,0.003215419342362348,-0.0022129588501269915,-2.4178817580174705,-15.03551402501609
2026-08-01,Region,MS,Mountain States,Model,Genesis,gv80,GV80,Mid Luxury SUV,419.0,12746.0,0.032873058214341756,81977.61633663367,78924.3985215816,103.86853479056563,172.0,3721.0,0.04622413329750067,0.7111665675323586,-0.09110629067245124,0.03712871287128716,-0.0006103816462044373,-0.014005567917011227,-0.007145739878921087,0.021995126299833245,0.3007746387940671,-1.9361804371250741,0.12418300653594772,0.08860759493670889,0.002634389707757083,0.0037052958378666553,-0.05698293515075992,-0.39137124705060145
2026-08-01,Region,SC,South Central,Brand,Genesis,brand,Genesis,Luxury Market,2402.0,39240.0,0.061213047910295616,71932.92566148678,69366.1559901143,103.70031989625932,815.0,18771.0,0.043418038463587445,1.409852910827189,-0.0558176100628931,0.1774509803921569,-0.002732256734787837,-0.007736152752157492,0.004879443165716202,0.022311194293223258,1.8879288524340012,0.8365425307859056,0.2442748091603053,-0.07281001137656429,-0.0031415293498899474,-0.0006310720350344509,0.03644444403782421,-0.15542729306274472
2026-08-01,Region,SC,South Central,Model,Genesis,g70,G70,Near Luxury Car,241.0,6474.0,0.037225826382452885,53648.53164556962,60064.4978134247,89.3182055932863,77.0,1901.0,0.04050499736980537,0.9190428045849731,-0.07662835249042144,-0.08015267175572516,-0.005964641927988949,-0.009476490908099697,0.0014418963542128793,0.05013273105780591,0.37501743821945865,-1.0212940330129214,0.28333333333333344,-0.07228915662650603,0.0038973097554063432,0.0005435144617649268,-0.26077682142859626,-0.2496404847219874
2026-08-01,Region,SC,South Central,Model,Genesis,g80,G80,Mid Luxury Car,150.0,2353.0,0.06374840628984275,77364.04697986577,77591.84552270781,99.70641432574848,39.0,535.0,0.07289719626168224,0.8744973683350225,0.1811023622047243,-0.05063291139240511,0.01233140224125976,-0.024816616131681915,0.0061635101646673185,0.10582967425854894,0.6976427808770893,10.884480398564364,0.5,0.054054054054053946,0.023840592488097334,0.0034788097701250187,-0.17361848342455388,-0.40131768438586
2026-08-01,Region,SC,South Central,Model,Genesis,g90,G90,Premium Luxury Car,88.0,871.0,0.1010332950631458,105709.79310344828,132230.19186746987,79.94376443875832,19.0,241.0,0.07883817427385892,1.2815275847483232,-0.08333333333333337,-0.03296703296703296,-0.006229274769256429,0.011904989480383807,-0.0013181927798276982,0.02912253544780219,0.5272851922456709,-0.7441991320395402,-0.09523809523809523,-0.09523809523809523,-0.024103002196729312,-0.009769420662849942,0.23954833494784422,0.2756509931714377
2026-08-01,Region,SC,South Central,Model,Genesis,gv60,GV60,Entry Luxury EV SUV,3.0,95.0,0.031578947368421054,55816.0,48769.57894736842,114.44839427511975,2.0,28.0,0.07142857142857142,0.4421052631578948,-0.5,-0.9,-0.02151839776432231,-0.31725826193390455,-0.06399510331392733,-0.03778070332203787,-6.72701466249751,3.337415315668565,0.0,-0.8666666666666667,-0.0026455026455026454,-0.15584415584415584,-0.2747088961341406,-1.0927784577723378
2026-08-01,Region,SC,South Central,Model,Genesis,gv70,GV70,Near Luxury SUV,927.0,12301.0,0.07535972685147549,62379.8722943723,61482.03777613534,101.46032003933587,346.0,3729.0,0.09278626977742022,0.8121861891015957,-0.12464589235127477,0.3632352941176471,-0.010389261002775527,0.002390524147322687,0.004082694199620596,0.0031254953790815776,0.2596389492657636,0.20435980695198452,0.29588014981273414,-0.014245014245014231,0.020133208552930423,0.0047059686481855795,-0.36806673361140996,-0.016253334476891257
2026-08-01,Region,SC,South Central,Model,Genesis,gv80,GV80,Mid Luxury SUV,993.0,25156.0,0.039473684210526314,81577.11416921508,74864.67920636192,108.96609059707659,332.0,8835.0,0.037577815506508204,1.0504518072289157,-0.0020100502512563345,0.24592220828105393,0.0021672465066531962,-0.005677006929287874,-0.010168749562955659,0.012933200395308875,0.5761739175936924,-1.8344883126880092,0.1899641577060931,-0.07777777777777772,0.002672273156952343,-0.0048900386871923995,-0.018330832796381147,-0.012721550527208914
2026-08-01,Region,SO,Southern,Brand,Genesis,brand,Genesis,Luxury Market,6215.0,53224.0,0.1167706297910717,68639.02801932367,69107.68482426304,99.32184560062873,1617.0,26841.0,0.060243657091762604,1.938305797292613,0.09438281387568237,0.08977731018762047,0.011252235142242259,-0.012878365389432073,0.0026915718251685483,0.01960282909620359,1.1718494239167114,-0.8727705457233412,0.06381578947368416,-0.10415512465373966,-0.002662439005576306,-0.0015650611906056489,0.2609104223586225,-0.1592784721014322
2026-08-01,Region,SO,Southern,Model,Genesis,g70,G70,Near Luxury Car,938.0,9588.0,0.09783062161034627,52460.65991471215,58312.75633291615,89.96429463084627,216.0,3177.0,0.0679886685552408,1.4389253928521761,-0.005302226935312793,-0.04187946884576099,-0.011439366802168213,-0.016086064449695625,-0.006242959713139928,0.04081388341209835,-0.024678045717166697,-2.1556390323064676,-0.004608294930875556,-0.2627986348122867,-0.024155705117795287,-0.024207681350360208,0.2530690669928599,0.20333758295861593
2026-08-01,Region,SO,Southern,Model,Genesis,g80,G80,Mid Luxury Car,403.0,3720.0,0.10833333333333334,73934.09452736318,76489.32506186122,96.65936320861573,96.0,878.0,0.10933940774487472,0.9907986111111111,0.06052631578947376,0.35690235690235683,0.0038228822882288294,-0.006117533718689783,0.016575433621742963,0.054776818235903635,1.5702178392631083,8.28887393844957,0.8823529411764706,-0.030303030303030276,0.04403851145806294,-0.012431809967302407,-0.6096457470501953,0.05091421804752738
2026-08-01,Region,SO,Southern,Model,Genesis,g90,G90,Premium Luxury Car,194.0,1374.0,0.14119359534206696,105050.40721649484,130972.33976261127,80.2080862317187,41.0,489.0,0.08384458077709611,1.6839919054212378,0.01041666666666674,0.3472222222222223,-0.003712065035291534,0.0535490426944711,-0.0028478277226267057,0.027994840146392974,1.7687232284993257,3.452496390340926,0.17142857142857149,-0.023809523809523836,0.002826062258577594,-0.03896243676676353,-0.10455795980787275,0.9703148338622428
2026-08-01,Region,SO,Southern,Model,Genesis,gv60,GV60,Entry Luxury EV SUV,29.0,145.0,0.2,57824.642857142855,50123.181818181816,115.3650681373292,11.0,49.0,0.22448979591836735,0.890909090909091,-0.09375,-0.34090909090909094,-0.03529411764705881,-0.1826086956521739,-0.0100702480892636,-0.021596954632287835,0.11201385887302706,3.2838218061423845,-0.2666666666666667,-0.6944444444444444,-0.18091560948703808,-0.05243328100470959,0.31051693404634595,-0.4907334211682036
2026-08-01,Region,SO,Southern,Model,Genesis,gv70,GV70,Near Luxury SUV,2480.0,17188.0,0.14428671165929718,62137.6655909641,62126.973983235934,100.01720928453888,718.0,5398.0,0.1330122267506484,1.0847627709427385,0.1086276262852035,0.20155038759689914,0.013963379296931894,0.011013643925068484,0.007260180868737809,0.026122906987251282,0.5670748214819952,-0.6115326695846193,-0.021798365122615793,0.011267605633802802,0.0009740903951887814,0.010851180639154925,0.09774995813294463,-0.006199299016891313
2026-08-01,Region,SO,Southern,Model,Genesis,gv70_ev,GV70 EV,Near Luxury EV SUV,17.0,777.0,0.021879021879021878,67714.41176470589,58356.24369987064,116.03627559197405,7.0,6236.0,0.0011225144323284157,19.491082919654346,3.25,-0.839622641509434,0.016268923702303786,-0.07755812633861414,0.01901268249847088,-0.05692464740955505,1.5724761540997605,3.186848642349929,0.3999999999999999,-0.8653846153846154,0.000158194278037191,-0.004707735595701632,13.673411110397684,2.435699747479429
2026-08-01,Region,SO,Southern,Model,Genesis,gv80,GV80,Mid Luxury SUV,2154.0,31273.0,0.06887730630256131,79056.44609665427,75049.26577804815,105.3393997623601,528.0,10614.0,0.0497456189937818,1.384590396013988,0.13907985193019567,0.041082648622522866,0.01184216831432424,-0.018773615112393144,-0.009493254993348077,-0.0017671007059775201,0.17339516662757148,-5.243851607387924,0.14038876889848817,-0.07853403141361259,0.0025681174653530217,-0.0075028573774840596,0.17564256833243608,-0.14647081243676086
2026-08-01,Region,WE,Western,Brand,Genesis,brand,Genesis,Luxury Market,3359.0,53801.0,0.0624337837586662,67647.34772253646,70182.59322323589,96.38764345364761,983.0,31065.0,0.03164332850474811,1.9730472965035253,-0.01869704937189598,0.1732448480614739,0.0012650918358642002,-0.006195312293303022,0.0048942092798160974,-0.0011074330050784287,0.9796934274033475,-1.490499358213981,0.22875,-0.1096014492753623,0.004782367553870091,-0.000522629190024923,-0.30418664291748976,-0.16054675666285845
2026-08-01,Region,WE,Western,Model,Genesis,g70,G70,Near Luxury Car,437.0,12276.0,0.03559791463017269,52268.30434782609,58446.5689873727,89.42920902528698,114.0,3819.0,0.029850746268656716,1.1925301401107853,-0.037444933920704804,0.10632911392405053,-0.0019973155785056804,-0.0001454570104028191,-0.0030127835995239494,0.030654241298588847,-0.7730583371901361,-2.0028755231902693,0.16326530612244894,-0.19148936170212771,-0.0017621569571497388,-0.0043974927403304075,0.003293266162796016,0.14887438802391006
2026-08-01,Region,WE,Western,Model,Genesis,g80,G80,Mid Luxury Car,156.0,5486.0,0.02843601895734597,74632.32051282052,77066.53717132931,96.84140906305781,33.0,1032.0,0.03197674418604651,0.889271865575183,0.25806451612903225,0.4054054054054055,0.00502654189485777,0.001008294717168061,0.01376016849429873,0.04482552879827573,1.4979274626994794,9.821521605374613,-0.08333333333333337,-0.3125,-0.0078022613388153625,-0.014806881544947637,0.30078362275429904,0.30300425994138014
2026-08-01,Region,WE,Western,Model,Genesis,g90,G90,Premium Luxury Car,99.0,1861.0,0.053197205803331545,105463.77777777778,133887.6688695652,78.77034432537751,20.0,574.0,0.03484320557491289,1.5267598065556154,-0.08333333333333337,1.302325581395349,-0.0033472968144695053,0.033508561114686856,0.001078678111746445,0.015880485979810954,1.8643505983521464,-0.692575382874395,0.33333333333333326,-0.09090909090909094,0.009070009698624232,-0.008807588075880758,-0.6671668950150655,1.0757108555066643
2026-08-01,Region,WE,Western,Model,Genesis,gv60,GV60,Entry Luxury EV SUV,74.0,447.0,0.16554809843400448,58210.75675675676,50256.90561797753,115.82638453556926,49.0,154.0,0.3181818181818182,0.5202940236497283,0.17460317460317465,0.48,0.0288886624253277,0.05541593984369611,-0.0005936368563417282,-0.03987514816909388,-0.26570098299467304,-3.951776112923014,-0.020000000000000018,0.0,-0.02195423623995052,0.14503694185672983,0.1185152817842186,-0.11577538208613425
2026-08-01,Region,WE,Western,Model,Genesis,gv70,GV70,Near Luxury SUV,1478.0,19210.0,0.0769390942217595,61451.282814614344,62722.23320658134,97.97368440664252,440.0,6026.0,0.07301692665117823,1.0537158676825515,-0.07625000000000004,0.3917137476459511,-0.00464361024489357,0.009459109471473562,0.011911317451319015,0.013135001619268172,0.6632380823837281,1.0978838351945939,0.19241192411924124,0.20547945205479445,0.01585193827007831,0.009361537742911749,-0.3734287321338321,-0.00636696124385816
2026-08-01,Region,WE,Western,Model,Genesis,gv70_ev,GV70 EV,Near Luxury EV SUV,55.0,1185.0,0.046413502109704644,69388.6,59495.5537883959,116.62821098663957,36.0,11423.0,0.0031515363739823164,14.727262072198782,26.5,-0.7089947089947091,0.044334500030702564,-0.06340637005763992,0.040698912635920514,-0.019081632806519644,2.905945597515924,6.922785058482248,,-0.5955056179775281,0.0031515363739823164,-0.0029260380592326524,,-3.3424256583472154
2026-08-01,Region,WE,Western,Model,Genesis,gv80,GV80,Mid Luxury SUV,1060.0,29229.0,0.03626535290293886,78635.53867924528,78094.7541452231,100.6924722920781,291.0,8037.0,0.036207540126913025,1.0015967054327135,-0.011194029850746245,0.04639684106614017,0.0025429961128542455,-0.014057548239634413,-0.01005453419011404,-0.01275908793827285,-0.6175161068524346,-6.400849182427137,0.2543103448275863,-0.25384615384615383,0.005187350261957817,-0.012457296409148867,-0.08551323608902295,-0.03247439650724093
2026-08-01,National,NTL,National,Brand,Genesis,brand,Genesis,Luxury Market,21064.0,277351.0,0.07594708510155002,69393.19875806067,69640.73785406652,99.64454843008042,6490.0,141919.0,0.04573031095202193,1.6607603036250964,0.030074820284610393,0.052358113509192616,0.004530986532037276,-0.012703229798399496,0.0016710491374019032,0.024937076913647438,1.0691715694403001,-0.013262193711085501,0.10978112175102606,-0.10618372125051645,0.0013765426261339794,-0.0015396702337313259,0.0506130429733036,-0.2146437620458228
2026-08-01,National,NTL,National,Model,Genesis,g70,G70,Near Luxury Car,2782.0,48404.0,0.057474588876952316,53570.52028985507,59132.602967340004,90.59388155032347,698.0,15416.0,0.0452776336274001,1.2693814643654684,-0.019040902679830718,-0.07482540738277355,-0.004933262717352636,-0.009402621273615928,-0.005107864784795857,0.03837590764494103,-0.2788869584647813,-1.6100404038161713,0.06727828746177367,-0.24622030237580994,-0.0077594274382069076,-0.012381145949187697,0.09269764477926912,0.10950242006943611
2026-08-01,National,NTL,National,Model,Genesis,g80,G80,Mid Luxury Car,1270.0,19650.0,0.06463104325699745,74786.85340729002,77088.86180364712,97.01382489960673,327.0,4361.0,0.0749828021096079,0.8619448918769598,0.18470149253731338,0.31879543094496365,0.010054116263819565,-0.0012466417888364473,0.008697545349329872,0.05218441302259391,0.8268495417006392,8.58873027912108,0.36820083682008375,0.058252427184465994,0.0145070936075836,0.00350466192917763,-0.04051542392655072,-0.059703109589512415
2026-08-01,National,NTL,National,Model,Genesis,g90,G90,Premium Luxury Car,580.0,6875.0,0.08436363636363636,105544.70034843206,131849.91915030722,80.04912026386035,128.0,2133.0,0.06000937646507267,1.405840909090909,-0.013605442176870763,0.43920595533498763,-0.0020307215558464514,0.03342190965399156,-0.0006233972883062933,0.027942384890786487,1.8763111539886097,1.4832065351812815,-0.051851851851851816,-0.17948717948717952,-0.004002003335780817,-0.02680197578868359,0.05616905092654423,0.8190314033394237
2026-08-01,National,NTL,National,Model,Genesis,gv60,GV60,Entry Luxury EV SUV,162.0,1643.0,0.09860012172854535,59184.31012658228,49994.86430317848,118.3807796090359,100.0,447.0,0.22371364653243847,0.44074254412659775,0.04516129032258065,-0.4109090909090909,0.007046666323938147,-0.09384214559125872,-0.009971369293625743,-0.0514085605207838,-0.594177987536014,-2.959633888346218,-0.07407407407407407,-0.41520467836257313,-0.027449144165235972,0.05305496389770792,0.07622415686751355,-0.6869016187648858
2026-08-01,National,NTL,National,Model,Genesis,gv70,GV70,Near Luxury SUV,8465.0,93243.0,0.09078429479960962,62214.867394140674,62251.48869668144,99.94117200518818,2858.0,30937.0,0.09238129101076381,0.9827129909781395,-0.00200424428200896,0.10049401976079042,0.0008296857129426599,-0.0014414977283266905,0.004554150295846604,0.018378426805331083,0.24662166156750231,0.22692477740255868,0.06681597611048895,-0.06202822448309808,0.006411199232315701,-0.0009818662388991345,-0.06363472397472203,-0.005104851142546218
2026-08-01,National,NTL,National,Model,Genesis,gv70_ev,GV70 EV,Near Luxury EV SUV,112.0,4258.0,0.026303428839830906,69572.14414414414,59225.563761229314,117.46978791899316,68.0,33100.0,0.002054380664652568,12.803580802917692,5.222222222222222,-0.7963636363636364,0.02157281123142092,-0.058246917047947724,-0.03389689185342304,-0.012727364214460857,-4.327381738008214,7.120774088278097,8.714285714285714,-0.7246963562753037,0.00182591367813212,-0.0034068380494183615,-7.902332469092821,-2.6783748400477005
2026-08-01,National,NTL,National,Model,Genesis,gv80,GV80,Mid Luxury SUV,7693.0,169840.0,0.04529557230334432,79633.60871841865,75623.18274641114,105.30317004172616,2311.0,55525.0,0.041620891490319674,1.0882893345491966,0.05412441764867082,0.0795677799607073,0.005434305678552555,-0.013172252342410894,-0.009568717574612196,0.005377428768457593,0.21208800579138654,-3.5507899487539873,0.14067127344521224,-0.03908523908523909,0.0020706630906788676,-0.0041354677874718415,0.08042494949412116,-0.18951828757368894
