month,model,segment,search_volume,segment_search_volume,search_share,standard_segment_search_volume,standard_search_share,retail_units,segment_retail_units,retail_share,standard_segment_retail_units,standard_retail_share
2025-01-01,Elantra,Compact Car,111.04449999999999,1487.6168999999998,0.07464589841645386,1677.3517999999992,0.06620227193842106,7318.0,64656.0,0.11318361791635734,64656.0,0.11318361791635734
2025-01-01,Santa Fe,Compact SUV,148.18239999999992,1937.2376999999992,0.07649159419104841,1938.9225999999992,0.07642512393222915,8038.0,62994.0,0.127599453916246,62994.0,0.127599453916246
2025-01-01,Kona,Entry CUV,76.58069999999998,915.6645999999996,0.08363400747391568,1055.9099999999999,0.0725257834474529,3445.0,81213.0,0.04241931710440447,81213.0,0.04241931710440447
2025-01-01,Ioniq 5,Mainstream EV SUV 2 Row,64.07789999999999,871.5803999999999,0.07351920717813296,566.9867999999996,0.11301480034455835,2246.0,26172.0,0.08581690356105762,26172.0,0.08581690356105762
2025-01-01,Sonata,Midsize Car,74.7535,949.9383999999995,0.07869299735646021,1262.5089999999998,0.059210270976286124,3016.0,37680.0,0.08004246284501063,37680.0,0.08004246284501063
2025-01-01,Palisade,Midsize SUV,166.14659999999992,2339.659499999999,0.07101315383712886,2399.662899999999,0.06923747498033994,6465.0,86667.0,0.07459586693897331,86667.0,0.07459586693897331
2025-01-01,Tucson,Sub-Compact SUV,202.49579999999995,2097.146399999999,0.09655777965715699,2300.434599999999,0.08802501927244531,13466.0,163721.0,0.082249680859511,163721.0,0.082249680859511
2025-02-01,Elantra,Compact Car,97.90689999999996,1305.8328999999997,0.07497659156849242,1474.0368999999996,0.06642092881121225,9019.0,71301.0,0.1264919145594031,71301.0,0.1264919145594031
2025-02-01,Santa Fe,Compact SUV,118.14909999999998,1755.6302999999998,0.06729725500864275,1759.5365999999995,0.0671478501782799,9039.0,69492.0,0.1300725263339665,69492.0,0.1300725263339665
2025-02-01,Kona,Entry CUV,69.51099999999998,803.2420999999997,0.0865380437604055,930.9450999999996,0.07466713128411118,4265.0,89901.0,0.04744107407036629,89901.0,0.04744107407036629
2025-02-01,Ioniq 5,Mainstream EV SUV 2 Row,51.47539999999998,586.5389999999998,0.08776125713720656,467.35159999999973,0.11014277045376544,2427.0,23558.0,0.10302232787163595,23558.0,0.10302232787163595
2025-02-01,Sonata,Midsize Car,66.9753,867.5870999999997,0.07719720590589697,1057.8935999999999,0.06331005310931082,2954.0,41485.0,0.07120646016632518,41485.0,0.07120646016632518
2025-02-01,Palisade,Midsize SUV,116.58449999999995,2027.159899999999,0.057511250099215164,2076.1757999999986,0.05615348180052962,7004.0,96797.0,0.07235761438887568,96797.0,0.07235761438887568
2025-02-01,Tucson,Sub-Compact SUV,185.5018999999999,1861.2583999999997,0.09966477518650818,2027.4103999999995,0.09149696578452983,14724.0,176243.0,0.08354374358130535,176243.0,0.08354374358130535
2025-03-01,Elantra,Compact Car,125.45809999999994,1759.0321999999994,0.07132223048560452,1966.7727999999995,0.06378881180378332,12681.0,96456.0,0.1314692709629261,96456.0,0.1314692709629261
2025-03-01,Santa Fe,Compact SUV,152.09309999999994,2182.0561999999995,0.06970173362170964,2178.489699999999,0.06981584535377881,12723.0,101472.0,0.12538434247871333,101472.0,0.12538434247871333
2025-03-01,Kona,Entry CUV,94.21499999999997,1046.4667,0.09003153182036273,1209.9008999999994,0.0778700139821369,5520.0,122960.0,0.044892648015614836,122960.0,0.044892648015614836
2025-03-01,Ioniq 5,Mainstream EV SUV 2 Row,74.15399999999997,814.9357999999996,0.0909936709124817,626.9926999999997,0.11826931956305074,3918.0,26418.0,0.14830797183738362,26418.0,0.14830797183738362
2025-03-01,Sonata,Midsize Car,84.29169999999999,1055.8315999999998,0.07983441677631169,1284.7085999999997,0.06561153245179491,4278.0,54442.0,0.07857903824253334,54442.0,0.07857903824253334
2025-03-01,Palisade,Midsize SUV,146.37279999999993,2545.8545999999988,0.05749456390793096,2604.549599999999,0.0561988913553422,10770.0,127967.0,0.08416232309892394,127967.0,0.08416232309892394
2025-03-01,Tucson,Sub-Compact SUV,226.5958999999999,2409.339699999999,0.09404896287559615,2616.3567,0.08660741862911885,22099.0,240441.0,0.09191028152436564,240441.0,0.09191028152436564
2025-04-01,Elantra,Compact Car,125.43929999999997,1752.4506,0.07157936434841586,1943.6344999999997,0.06453852306079153,10836.0,87028.0,0.12451165142253069,87028.0,0.12451165142253069
2025-04-01,Santa Fe,Compact SUV,134.62289999999996,2105.8214999999996,0.063928922750575,2100.8505999999998,0.06408018732983677,10833.0,88512.0,0.12239018438177873,88512.0,0.12239018438177873
2025-04-01,Kona,Entry CUV,89.68479999999998,1025.8763,0.08742262590528702,1180.6411999999996,0.07596279038881586,5099.0,109546.0,0.04654665619922224,109546.0,0.04654665619922224
2025-04-01,Ioniq 5,Mainstream EV SUV 2 Row,86.59209999999996,773.6262999999998,0.1119301399138059,615.6199999999999,0.140658360677041,3377.0,22870.0,0.14766069086139047,22870.0,0.14766069086139047
2025-04-01,Sonata,Midsize Car,80.5943,1012.8437999999998,0.07957228942903143,1226.5794999999996,0.06570654409273922,3878.0,48438.0,0.08006110904661629,48438.0,0.08006110904661629
2025-04-01,Palisade,Midsize SUV,161.65419999999992,2401.3282999999988,0.06731865859407896,2456.2596999999987,0.06581315485492027,9457.0,124333.0,0.07606186611760353,124333.0,0.07606186611760353
2025-04-01,Tucson,Sub-Compact SUV,200.5756999999999,2221.6662999999994,0.09028165030904954,2415.4766999999993,0.08303772915714731,18876.0,216489.0,0.0871914970275626,216489.0,0.0871914970275626
2025-05-01,Elantra,Compact Car,132.06699999999995,1740.0566,0.07589810584322369,1935.2679999999993,0.068242227949824,12401.0,85273.0,0.1454270402120249,85273.0,0.1454270402120249
2025-05-01,Santa Fe,Compact SUV,135.96629999999996,2067.7875,0.06575448395930432,2061.6858999999995,0.0659490856487887,10055.0,82897.0,0.12129510114961942,82897.0,0.12129510114961942
2025-05-01,Kona,Entry CUV,102.47189999999999,1055.2572999999998,0.09710608019484918,1212.0080999999998,0.08454720723401107,5098.0,104865.0,0.04861488580555953,104865.0,0.04861488580555953
2025-05-01,Ioniq 5,Mainstream EV SUV 2 Row,71.16379999999997,800.4813999999999,0.08890125367060368,613.7983,0.11594004088965375,3867.0,26722.0,0.14471222213906143,26722.0,0.14471222213906143
2025-05-01,Sonata,Midsize Car,78.9703,1040.9179999999997,0.07586601442188531,1265.6859999999997,0.062393279217752284,4198.0,55838.0,0.07518177585157063,55838.0,0.07518177585157063
2025-05-01,Palisade,Midsize SUV,153.9450999999999,2487.4222999999984,0.061889410575759495,2546.0039999999985,0.060465380258632746,9275.0,127264.0,0.07287999748554187,127264.0,0.07287999748554187
2025-05-01,Tucson,Sub-Compact SUV,206.85479999999993,2405.166499999999,0.08600435770247092,2585.3579,0.08001012161604393,17732.0,206524.0,0.08585927059324824,206524.0,0.08585927059324824
2025-06-01,Elantra,Compact Car,130.47899999999996,1656.6549999999997,0.07876051441006122,1834.3467000000003,0.07113104627385866,9844.0,68338.0,0.1440486991132313,68338.0,0.1440486991132313
2025-06-01,Santa Fe,Compact SUV,142.90129999999994,2013.2466999999995,0.07098052116514085,2011.4789999999994,0.07104289927958482,9039.0,70321.0,0.12853912771433854,70321.0,0.12853912771433854
2025-06-01,Kona,Entry CUV,98.14019999999996,1025.8398999999997,0.09566814470757083,1175.7319,0.08347158055335571,4027.0,88485.0,0.04551053850935187,88485.0,0.04551053850935187
2025-06-01,Ioniq 5,Mainstream EV SUV 2 Row,70.69269999999997,759.4059999999998,0.09308946729417464,622.4634999999998,0.11356922936043638,3163.0,24765.0,0.12772057338986473,24765.0,0.12772057338986473
2025-06-01,Sonata,Midsize Car,80.4517,985.0961999999997,0.08166887660311757,1193.0768,0.0674321217209152,3099.0,46408.0,0.06677727977934839,46408.0,0.06677727977934839
2025-06-01,Palisade,Midsize SUV,158.01529999999994,2425.518999999999,0.06514700565116167,2487.7175999999986,0.06351818228885787,7563.0,105949.0,0.07138340144786642,105949.0,0.07138340144786642
2025-06-01,Tucson,Sub-Compact SUV,191.04829999999993,2224.8802999999984,0.0858690240549121,2412.4205999999986,0.0791936115949267,14042.0,175068.0,0.08020883313912308,175068.0,0.08020883313912308
2025-07-01,Elantra,Compact Car,149.52089999999993,1839.7069,0.0812743051624147,2024.7643999999996,0.07384607315300484,10665.0,79574.0,0.1340261894588685,79574.0,0.1340261894588685
2025-07-01,Santa Fe,Compact SUV,167.8962999999999,2181.6399999999994,0.07695875579839018,2180.3075999999996,0.07700578578912441,13781.0,94412.0,0.145966614413422,94412.0,0.145966614413422
2025-07-01,Kona,Entry CUV,105.40669999999997,1114.3313999999996,0.09459187814325255,1265.4206999999997,0.08329775228111884,4384.0,102357.0,0.04283048545776058,102357.0,0.04283048545776058
2025-07-01,Ioniq 5,Mainstream EV SUV 2 Row,89.6078,915.9530999999998,0.09783011815779652,715.1667999999996,0.12529636442855016,5799.0,41942.0,0.13826236230985647,41942.0,0.13826236230985647
2025-07-01,Sonata,Midsize Car,84.1962,1084.3214999999998,0.07764874163244022,1306.6511999999998,0.06443663006623344,3560.0,50584.0,0.07037798513363909,50584.0,0.07037798513363909
2025-07-01,Palisade,Midsize SUV,225.01069999999982,2702.127899999998,0.08327166896874126,2766.450299999998,0.08133552950508453,12904.0,121248.0,0.10642649775666403,121248.0,0.10642649775666403
2025-07-01,Tucson,Sub-Compact SUV,202.9762999999999,2399.343699999999,0.08459659197638086,2645.4678999999996,0.07672604910458371,15294.0,194688.0,0.07855645956607495,194688.0,0.07855645956607495
2025-08-01,Elantra,Compact Car,141.98659999999995,1747.1419999999998,0.08126792212653577,1927.1399999999996,0.073677366460143,11329.0,90199.0,0.1256000620849455,90199.0,0.1256000620849455
2025-08-01,Santa Fe,Compact SUV,146.13299999999995,2116.934499999999,0.06903047779702208,2114.9352,0.06909573399695648,12715.0,95926.0,0.13255009069491067,95926.0,0.13255009069491067
2025-08-01,Kona,Entry CUV,92.96579999999999,1078.0496999999998,0.08623517079036339,1226.5417999999995,0.07579505239854037,4474.0,111543.0,0.04011009207211569,111543.0,0.04011009207211569
2025-08-01,Ioniq 5,Mainstream EV SUV 2 Row,90.99039999999998,906.3150999999999,0.10039598810612334,736.3063999999998,0.12357681530406364,7756.0,51662.0,0.150129689133212,51662.0,0.150129689133212
2025-08-01,Sonata,Midsize Car,80.3272,1089.2563999999998,0.07374498786511607,1307.2705999999996,0.061446497764120166,3639.0,57738.0,0.06302608334199314,57738.0,0.06302608334199314
2025-08-01,Palisade,Midsize SUV,227.8952999999998,2651.0196999999985,0.08596514767506251,2706.7643999999987,0.08419473080109961,15139.0,132029.0,0.11466420256155845,132029.0,0.11466420256155845
2025-08-01,Tucson,Sub-Compact SUV,193.0420999999999,2293.3914999999993,0.08417319938614927,2498.3035999999993,0.07726927183709777,17092.0,215446.0,0.07933310435097425,215446.0,0.07933310435097425
2025-09-01,Elantra,Compact Car,117.78129999999994,1526.7995999999996,0.07714260601063819,1686.6980999999994,0.06982950890855927,8946.0,71568.0,0.125,71568.0,0.125
2025-09-01,Santa Fe,Compact SUV,120.71029999999996,1789.5264999999995,0.06745376500431818,1788.9695999999992,0.06747476312621523,7217.0,71011.0,0.10163214149920435,71011.0,0.10163214149920435
2025-09-01,Kona,Entry CUV,77.22379999999998,961.0757999999998,0.08035141452942629,1095.3349999999994,0.07050244902244521,3590.0,86237.0,0.04162946299152336,86237.0,0.04162946299152336
2025-09-01,Ioniq 5,Mainstream EV SUV 2 Row,80.38399999999999,787.8504999999999,0.102029509405655,659.4296999999999,0.12189927144622087,8336.0,45801.0,0.18200475972140345,45801.0,0.18200475972140345
2025-09-01,Sonata,Midsize Car,68.72149999999999,951.2598999999996,0.07224261213996304,1165.9921999999997,0.0589382158817186,3085.0,47447.0,0.06501991695997639,47447.0,0.06501991695997639
2025-09-01,Palisade,Midsize SUV,205.81059999999985,2361.637699999999,0.08714740622577288,2414.4767999999985,0.08524024749378414,6558.0,102668.0,0.06387579382085946,102668.0,0.06387579382085946
2025-09-01,Tucson,Sub-Compact SUV,172.46459999999993,2030.8592999999994,0.0849219835170265,2204.7828999999992,0.07822293977334457,14031.0,176966.0,0.07928641659979883,176966.0,0.07928641659979883
2025-10-01,Elantra,Compact Car,115.61649999999999,1472.9148,0.07849503582963521,1624.8082,0.07115701410172597,9125.0,75668.0,0.12059258867685152,75668.0,0.12059258867685152
2025-10-01,Santa Fe,Compact SUV,116.57389999999998,1729.9492999999993,0.06738573205584697,1732.0192999999997,0.0673051968878176,8781.0,74583.0,0.1177346044004666,74583.0,0.1177346044004666
2025-10-01,Kona,Entry CUV,73.77649999999998,996.5087,0.07403497831980793,1137.0993999999996,0.06488131116769563,4698.0,92571.0,0.05075023495479146,92571.0,0.05075023495479146
2025-10-01,Ioniq 5,Mainstream EV SUV 2 Row,64.68029999999997,619.0488999999997,0.10448334533830851,495.2393999999997,0.13060410783148516,1642.0,10646.0,0.15423633289498404,10646.0,0.15423633289498404
2025-10-01,Sonata,Midsize Car,68.38699999999999,881.0954999999996,0.077615877053055,1065.5564999999997,0.06417960943413137,3346.0,49720.0,0.0672968624296058,49720.0,0.0672968624296058
2025-10-01,Palisade,Midsize SUV,187.8246999999999,2374.2167999999992,0.07911017224711743,2424.3737999999985,0.07747349026787866,8836.0,116256.0,0.07600467932837876,116256.0,0.07600467932837876
2025-10-01,Tucson,Sub-Compact SUV,176.17569999999992,2018.6153999999995,0.0872755156826803,2180.588699999999,0.08079272354295884,16838.0,193725.0,0.08691702155116789,193725.0,0.08691702155116789
2025-11-01,Elantra,Compact Car,105.66469999999998,1377.6451999999997,0.07669950143912235,1538.2283999999993,0.06869246465609401,8492.0,73247.0,0.11593648886643822,73247.0,0.11593648886643822
2025-11-01,Santa Fe,Compact SUV,121.19559999999997,1656.9237999999996,0.07314494486710856,1659.5272999999995,0.07303019359789983,10903.0,77311.0,0.14102779682063354,77311.0,0.14102779682063354
2025-11-01,Kona,Entry CUV,73.19029999999998,874.1451999999996,0.083727852077664,995.0228999999998,0.07355639754622732,5303.0,88186.0,0.060134261674188644,88186.0,0.060134261674188644
2025-11-01,Ioniq 5,Mainstream EV SUV 2 Row,51.368199999999966,539.5391999999998,0.09520754006381739,425.4050999999999,0.12075125568546305,2003.0,10825.0,0.18503464203233255,10825.0,0.18503464203233255
2025-11-01,Sonata,Midsize Car,65.9532,860.6897999999997,0.0766283044135065,1030.4831999999997,0.06400220789625684,2929.0,45673.0,0.06412979221859742,45673.0,0.06412979221859742
2025-11-01,Palisade,Midsize SUV,165.5873999999999,2223.431399999999,0.07447380656763233,2268.2153999999996,0.07300338407013722,9524.0,117997.0,0.0807139164555031,117997.0,0.0807139164555031
2025-11-01,Tucson,Sub-Compact SUV,196.1092999999999,1945.6504999999993,0.10079369342027254,2108.009899999999,0.09303054032146622,19169.0,193017.0,0.09931249579052623,193017.0,0.09931249579052623
2025-12-01,Elantra,Compact Car,109.65189999999998,1412.8252999999995,0.07761178965297409,1547.4920999999997,0.07085780922564969,10274.0,78404.0,0.13103923269220957,78404.0,0.13103923269220957
2025-12-01,Santa Fe,Compact SUV,124.03049999999998,1689.8411999999994,0.07339772518269765,1692.7415999999992,0.07327196306866922,11157.0,85349.0,0.13072209399055643,85349.0,0.13072209399055643
2025-12-01,Kona,Entry CUV,80.11949999999997,916.6422999999996,0.08740541430392205,1038.8019999999997,0.0771268249387275,5892.0,91387.0,0.0644730650967862,91387.0,0.0644730650967862
2025-12-01,Ioniq 5,Mainstream EV SUV 2 Row,52.52349999999998,561.2932999999997,0.09357585419245162,435.5559999999997,0.12058954531679053,2117.0,14161.0,0.14949509215450887,14161.0,0.14949509215450887
2025-12-01,Sonata,Midsize Car,68.84389999999998,883.4174999999997,0.07792906524944322,1050.3230999999994,0.06554544977635932,3099.0,47828.0,0.06479468094003513,47828.0,0.06479468094003513
2025-12-01,Palisade,Midsize SUV,168.8899999999999,2310.627599999999,0.07309269568146766,2355.3602999999994,0.07170452860226945,11426.0,132191.0,0.08643553645860913,132191.0,0.08643553645860913
2025-12-01,Tucson,Sub-Compact SUV,207.30259999999987,2060.3577999999993,0.1006148543714106,2234.1340999999993,0.09278879007307571,19738.0,212139.0,0.09304276912778886,212139.0,0.09304276912778886
2026-01-01,Elantra,Compact Car,106.5889,1509.7591999999995,0.07059993408220333,1654.6668999999993,0.0644171343489134,7674.0,66047.0,0.1161899859191182,66047.0,0.1161899859191182
2026-01-01,Santa Fe,Compact SUV,114.92339999999997,1800.7843999999996,0.0638185226393565,1804.9500999999998,0.06367123390280982,7007.0,64828.0,0.10808601221694329,64828.0,0.10808601221694329
2026-01-01,Kona,Entry CUV,81.28039999999997,939.6179999999997,0.08650366425504832,1068.6549999999995,0.07605859702148964,4336.0,72636.0,0.05969491712098684,72636.0,0.05969491712098684
2026-01-01,Ioniq 5,Mainstream EV SUV 2 Row,52.01579999999998,556.5822999999997,0.09345572074426371,424.3637999999998,0.12257360312071859,2092.0,10552.0,0.19825625473843822,10552.0,0.19825625473843822
2026-01-01,Sonata,Midsize Car,69.05089999999998,895.6939999999995,0.07709206492395843,1070.9822999999994,0.06447436152773021,2538.0,36087.0,0.07033003574694488,36087.0,0.07033003574694488
2026-01-01,Palisade,Midsize SUV,197.94979999999987,2420.0386999999987,0.08179612995445072,2467.0351999999984,0.08023793093831819,8054.0,97833.0,0.08232396021792238,97833.0,0.08232396021792238
2026-01-01,Tucson,Sub-Compact SUV,195.23809999999992,2111.431499999999,0.09246717215311036,2299.5021999999994,0.08490450672323774,12250.0,162151.0,0.07554686680933204,162151.0,0.07554686680933204
2026-02-01,Elantra,Compact Car,103.01099999999997,1397.5706999999998,0.0737071834720061,1531.3752999999997,0.06726698543459594,7943.0,69256.0,0.11469042393438836,69256.0,0.11469042393438836
2026-02-01,Santa Fe,Compact SUV,114.317,1692.8464999999997,0.06752945408812909,1697.1115999999995,0.06735974228212219,9295.0,70841.0,0.13120932793156503,70841.0,0.13120932793156503
2026-02-01,Kona,Entry CUV,75.71159999999999,911.9330999999996,0.08302319545150848,1041.4285999999995,0.07269975109191358,4196.0,78519.0,0.05343929494771966,78519.0,0.05343929494771966
2026-02-01,Ioniq 5,Mainstream EV SUV 2 Row,59.53549999999998,598.2158,0.09952177792696211,422.6265999999997,0.14087021498410185,3229.0,15132.0,0.2133888448321438,15132.0,0.2133888448321438
2026-02-01,Sonata,Midsize Car,60.639499999999984,856.1903999999997,0.07082478383312871,1026.4682999999995,0.059075862352495456,2613.0,38367.0,0.06810540308077254,38367.0,0.06810540308077254
2026-02-01,Palisade,Midsize SUV,174.0908999999999,2459.0300999999986,0.07079657137991112,2500.9974999999986,0.06960858617411653,8696.0,112068.0,0.07759574544026841,112068.0,0.07759574544026841
2026-02-01,Tucson,Sub-Compact SUV,225.9423999999999,2110.3854999999994,0.10706214575488694,2283.865599999999,0.09892981443391415,15029.0,168684.0,0.08909558701477319,168684.0,0.08909558701477319
2026-03-01,Elantra,Compact Car,132.1443,1724.7622999999996,0.07661594876001175,1875.8594999999996,0.07044466816411359,11020.0,85224.0,0.12930629869520321,85224.0,0.12930629869520321
2026-03-01,Santa Fe,Compact SUV,127.01799999999996,1921.359499999999,0.06610839876660252,1922.457199999999,0.06607065166392262,10675.0,77601.0,0.13756266027499647,77601.0,0.13756266027499647
2026-03-01,Kona,Entry CUV,88.28009999999998,1071.9389999999996,0.08235552582749579,1215.0123999999994,0.07265777699058876,4802.0,95397.0,0.050337012694319526,95397.0,0.050337012694319526
2026-03-01,Ioniq 5,Mainstream EV SUV 2 Row,81.83909999999999,792.7493999999998,0.1032345152200683,577.1310999999997,0.14180330950801304,4403.0,21985.0,0.20027291335001138,21985.0,0.20027291335001138
2026-03-01,Sonata,Midsize Car,82.08829999999999,1047.5756999999996,0.07836025597004591,1250.3701999999996,0.06565119674157303,4489.0,49440.0,0.09079692556634304,49440.0,0.09079692556634304
2026-03-01,Palisade,Midsize SUV,202.8341999999999,2616.735899999999,0.07751420385985454,2664.968899999999,0.07611128219920314,6422.0,126528.0,0.050755563985837124,126528.0,0.050755563985837124
2026-03-01,Tucson,Sub-Compact SUV,221.2339999999999,2401.1949999999997,0.09213495780226093,2619.1098999999995,0.08446915495985867,18649.0,196262.0,0.09502094139466631,196262.0,0.09502094139466631
2026-04-01,Elantra,Compact Car,134.51069999999996,1688.4996999999994,0.0796628509913268,1830.7890999999995,0.07347143371128875,11677.0,88150.0,0.13246738513896766,88150.0,0.13246738513896766
2026-04-01,Santa Fe,Compact SUV,114.33149999999999,1813.6617999999996,0.06303904068553465,1813.8885999999998,0.06303115858382924,7901.0,82385.0,0.0959033804697457,82385.0,0.0959033804697457
2026-04-01,Kona,Entry CUV,81.41699999999999,1032.5080999999998,0.07885361867863314,1171.0896999999995,0.06952242855521658,5109.0,96087.0,0.0531705641762153,96087.0,0.0531705641762153
2026-04-01,Ioniq 5,Mainstream EV SUV 2 Row,85.21189999999997,790.5710999999997,0.10778524537514717,587.4959999999999,0.1450425194384302,3567.0,20913.0,0.17056376416582986,20913.0,0.17056376416582986
2026-04-01,Sonata,Midsize Car,79.21049999999998,1001.4563999999997,0.07909530559692864,1187.5927999999992,0.06669836664553712,3992.0,53383.0,0.07478036078901523,53383.0,0.07478036078901523
2026-04-01,Palisade,Midsize SUV,161.79389999999992,2417.339099999999,0.06693057668243566,2465.4910999999984,0.06562339649086546,10386.0,129953.0,0.07992120228082461,129953.0,0.07992120228082461
2026-04-01,Tucson,Sub-Compact SUV,196.4883999999999,2236.863999999999,0.08784101313267144,2425.9934999999996,0.08099296226473811,18076.0,198087.0,0.09125283335100234,198087.0,0.09125283335100234
2026-05-01,Elantra,Compact Car,139.21499999999997,1827.1871999999996,0.07619087962087301,1978.2703999999999,0.07037207855912922,13449.0,94392.0,0.14248029494024916,94392.0,0.14248029494024916
2026-05-01,Santa Fe,Compact SUV,121.18499999999997,1921.8750999999993,0.06305560647515544,1920.8370999999995,0.06308968105624366,10299.0,91640.0,0.11238542121344391,91640.0,0.11238542121344391
2026-05-01,Kona,Entry CUV,81.775,1107.7646999999995,0.07381982834441289,1243.8976999999995,0.06574093673458842,4279.0,103573.0,0.04131385592770317,103573.0,0.04131385592770317
2026-05-01,Ioniq 5,Mainstream EV SUV 2 Row,96.30369999999999,899.2845999999996,0.10708923515425488,635.8463999999998,0.15145749036245235,4975.0,25093.0,0.19826246363527678,25093.0,0.19826246363527678
2026-05-01,Sonata,Midsize Car,81.5492,1095.3115999999995,0.07445296845208252,1283.2811999999994,0.06354741267930991,3841.0,58507.0,0.06565026407096587,58507.0,0.06565026407096587
2026-05-01,Palisade,Midsize SUV,180.12349999999992,2537.5489999999986,0.07098325983064761,2585.0624999999986,0.06967858610768599,10975.0,129888.0,0.08449587336782458,129888.0,0.08449587336782458
2026-05-01,Tucson,Sub-Compact SUV,201.85219999999993,2390.345599999999,0.08444477652101855,2597.0667999999987,0.07772314520365824,18325.0,210773.0,0.0869418758569646,210773.0,0.0869418758569646
2026-06-01,Elantra,Compact Car,150.15409999999994,1719.6687999999997,0.08731570869925649,1858.5832999999993,0.08078954545647753,12108.0,81744.0,0.1481209630064592,81744.0,0.1481209630064592
2026-06-01,Santa Fe,Compact SUV,119.99579999999996,1911.1322999999993,0.06278780385847699,1913.0420999999994,0.06272512246332686,8898.0,85321.0,0.1042885104487758,85321.0,0.1042885104487758
2026-06-01,Kona,Entry CUV,82.0426,1058.9818999999998,0.07747308995555072,1183.9287999999997,0.06929690366515286,4349.0,95494.0,0.04554212830125453,95494.0,0.04554212830125453
2026-06-01,Ioniq 5,Mainstream EV SUV 2 Row,80.25799999999998,971.1540999999997,0.08264187938865727,521.6687999999999,0.1538485721208552,2282.0,16761.0,0.13614939442754015,16761.0,0.13614939442754015
2026-06-01,Sonata,Midsize Car,77.2497,1040.4156999999998,0.07424887955843036,1217.9849999999997,0.06342418010074018,3218.0,52370.0,0.06144739354592324,52370.0,0.06144739354592324
2026-06-01,Palisade,Midsize SUV,185.3592999999999,2430.857199999999,0.07625264865414554,2479.4212999999986,0.07475909802017108,9533.0,115134.0,0.08279917313738774,115134.0,0.08279917313738774
2026-06-01,Tucson,Sub-Compact SUV,184.67089999999993,2217.153199999999,0.08329189881871944,2423.5956999999985,0.07619707362907108,14200.0,190162.0,0.07467317339952251,190162.0,0.07467317339952251
2026-07-01,Elantra,Compact Car,147.14849999999993,1720.5180999999998,0.0855256913600618,1853.9717999999996,0.07936933021311325,11732.0,84062.0,0.13956365539720683,84062.0,0.13956365539720683
2026-07-01,Santa Fe,Compact SUV,129.67469999999997,1967.4155999999994,0.06591118826139226,1967.6955999999993,0.06590180920260229,12896.0,93482.0,0.1379516912346762,93482.0,0.1379516912346762
2026-07-01,Kona,Entry CUV,80.71249999999998,1108.3762999999997,0.07282048524494796,1242.9065999999996,0.06493850784926238,4154.0,101889.0,0.040769857393830544,101889.0,0.040769857393830544
2026-07-01,Ioniq 5,Mainstream EV SUV 2 Row,85.11189999999998,867.2636999999996,0.09813843240527652,512.1783999999999,0.16617627764075954,3522.0,17363.0,0.20284513044980707,17363.0,0.20284513044980707
2026-07-01,Sonata,Midsize Car,77.83479999999999,1070.8449999999996,0.07268540264930967,1261.2921999999996,0.06171036338764325,3214.0,54107.0,0.0594008168998466,54107.0,0.0594008168998466
2026-07-01,Palisade,Midsize SUV,179.90809999999993,2486.665399999999,0.07234913873012429,2534.975799999999,0.07097034220208336,9452.0,117307.0,0.08057490175351856,117307.0,0.08057490175351856
2026-07-01,Tucson,Sub-Compact SUV,205.91649999999993,2303.160999999999,0.08940603804944595,2527.2842,0.08147738192641726,16952.0,199505.0,0.0849703014962031,199505.0,0.0849703014962031
2026-08-01,Elantra,Compact Car,137.28909999999996,1644.9160999999995,0.08346267630306495,1786.3868999999995,0.07685294826109618,12314.0,89643.0,0.13736711176555894,89643.0,0.13736711176555894
2026-08-01,Santa Fe,Compact SUV,127.93949999999995,1860.7023,0.06875871545921126,1863.4328999999993,0.06865795918919324,12722.0,95396.0,0.13335988930353473,95396.0,0.13335988930353473
2026-08-01,Kona,Entry CUV,76.62519999999998,1051.6196999999997,0.07286398305395002,1182.0684999999996,0.0648229776869953,4357.0,107786.0,0.040422689403076466,107786.0,0.040422689403076466
2026-08-01,Ioniq 5,Mainstream EV SUV 2 Row,72.01919999999997,801.9627999999998,0.08980366670374236,466.1238999999998,0.15450655930751458,3570.0,19767.0,0.180604037031416,19767.0,0.180604037031416
2026-08-01,Sonata,Midsize Car,76.7298,986.1588999999997,0.0778067307408573,1171.6690999999996,0.06548760225903373,3537.0,53086.0,0.06662773612628564,53086.0,0.06662773612628564
2026-08-01,Palisade,Midsize SUV,169.17629999999988,2371.2202999999986,0.07134566956937742,2417.2720999999988,0.06998645291111413,10088.0,119191.0,0.08463726288058662,119191.0,0.08463726288058662
2026-08-01,Tucson,Sub-Compact SUV,233.6323999999999,2208.4759999999997,0.10578896940695753,2421.1564999999996,0.09649619923371329,17542.0,203436.0,0.08622859277610649,203436.0,0.08622859277610649
