date_month,geo_type,region_code,brand,model,t1t2_spend,t1_spend,t1_lifestyle_spend,t1_in_market_spend,t2_spend,t1t2_impressions,t1_impressions,t2_impressions
2024-01-01,National,NTL,Genesis,Brand,7253720.080000002,5793681.760000002,2369047.8,3424633.9599999995,1460038.32,620262712.1211984,576687674.0000004,43575038.121197976
2024-02-01,National,NTL,Genesis,Brand,12020068.46,9433682.280000001,5103189.54,4330492.740000001,2586386.1799999997,664652572.586635,599915051.9999999,64737520.586635135
2024-03-01,National,NTL,Genesis,Brand,14138346.379999999,9948728.430000002,5408904.110000001,4539824.32,4189617.9499999997,878044849.0274551,797639609.5532482,80405239.47420707
2024-04-01,National,NTL,Genesis,Brand,14725626.049999999,11836968.69,6982861.79,4854106.899999999,2888657.3600000003,791351292.2152612,718763736.0308665,72587556.18439463
2024-05-01,National,NTL,Genesis,Brand,16837905.36,13622760.64,9878825.91,3743934.7299999995,3215144.72,856995881.4898723,784591991.2577698,72403890.2321025
2024-06-01,National,NTL,Genesis,Brand,16294746.63,13522817.56,9952988.79,3569828.7700000005,2771929.0700000003,832671320.0375284,752870381.9393798,79800938.09814857
2024-07-01,National,NTL,Genesis,Brand,19700228.380000003,16020130.500000002,12384595.120000001,3635535.3800000004,3680097.88,826273351.7054821,743636859.2154619,82636492.4900204
2024-08-01,National,NTL,Genesis,Brand,20791731.504285716,16291833.19,11813359.19,4478474,4499898.314285715,1110370320.0853329,1021461496.534889,88908823.55044389
2024-09-01,National,NTL,Genesis,Brand,17578962.895714287,14268295.520000001,10624502.859999998,3643792.659999999,3310667.375714286,763520266.593141,679724213.9752976,83796052.61784342
2024-10-01,National,NTL,Genesis,Brand,20710051.87,17604353.86,14255405.07,3348948.7899999996,3105698.01,896229776.4227041,820183347.372659,76046429.05004516
2024-11-01,National,NTL,Genesis,Brand,23560636.35,17512320.400000002,12599479.48,4912840.920000002,6048315.950000001,944123501.244367,858206332.3627615,85917168.8816053
2024-12-01,National,NTL,Genesis,Brand,16914709.98333333,11306427.28,8262840.800000001,3043586.48,5608282.703333332,868981105.5233016,776049766.5270035,92931338.99629809
2025-01-01,National,NTL,Genesis,Brand,11666652.649999999,9650616.92,6836138,2814478.92,2016035.73,620947786.8352119,577372748.7140139,43575038.12119798
2025-02-01,National,NTL,Genesis,Brand,12059604,8883435.989999998,5863056,3020379.9900000007,3176168.01,669203617.8073857,604466097.2207506,64737520.58663514
2025-03-01,National,NTL,Genesis,Brand,17590080.29,12935068.240000002,8713034,4222034.24,4655012.050000001,877132945.7909875,796727706.3167806,80405239.47420707
2025-04-01,National,NTL,Genesis,Brand,17518943,13966778.69,10414051,3552727.69,3552164.3100000005,810612250.728379,738024694.5439844,72587556.18439463
2025-05-01,National,NTL,Genesis,Brand,15696672.19,12218313.12,8302374,3915939.12,3478359.0700000003,859845333.0929447,787441442.8608421,72403890.23210251
2025-06-01,National,NTL,Genesis,Brand,15420736.32,11584838.68,7928903,3655935.6799999997,3835897.6400000006,889366786.8314822,809565848.7333338,79800938.09814857
2025-07-01,National,NTL,Genesis,Brand,14714704.229999997,11216716.129999999,6959449,4257267.13,3497988.0999999996,849427639.4265835,766791146.9365631,82636492.4900204
2025-08-01,National,NTL,Genesis,Brand,19644370.779999997,15627871.470000003,10487517,5140354.469999999,4016499.31,1034306329.2745347,945397505.7240908,88908823.55044389
2025-09-01,National,NTL,Genesis,Brand,17704184.770000003,13535627.38,10010589,3525038.3800000004,4168557.3899999997,885322335.2948736,801526282.6770302,83796052.61784342
2025-10-01,National,NTL,Genesis,Brand,18835941.970000006,15069827.719999997,10854597,4215230.720000001,3766114.25,900870885.422704,824824456.372659,76046429.05004516
2025-11-01,National,NTL,Genesis,Brand,19902123.42,15239562.430000002,10654460,4585102.43,4662560.99,922624263.2443671,836707094.3627619,85917168.8816053
2025-12-01,National,NTL,Genesis,Brand,20684130.479999997,15812558.170000002,11086047,4726511.17,4871572.31,877704610.5233011,784773271.527003,92931338.99629807
2026-01-01,National,NTL,Genesis,Brand,10557067.919999998,8804588.14,5660482.26,3144105.88,1752479.78,646202817.9324013,609873839,36328978.9324013
2026-02-01,National,NTL,Genesis,Brand,13105150.15,10061806.67,6649815.9,3411990.77,3043343.4799999995,684046439.1511649,622651077,61395362.151164904
2026-03-01,National,NTL,Genesis,Brand,17203146.68,12364439.860000001,7965283.73,4399156.129999999,4838706.819999999,623066478.2676876,515977636,107088842.26768759
2026-04-01,National,NTL,Genesis,Brand,15035037.129999999,11675249.09,7200903.87,4474345.22,3359788.04,700238188.5826132,624145164,76093024.58261321
2026-05-01,National,NTL,Genesis,Brand,17051263.500000004,14109481.05,9364665.23,4744815.82,2941782.4499999997,765173432.9736705,693762751,71410681.97367057
2026-06-01,National,NTL,Genesis,Brand,15413839.449172191,12162787.739999998,7995592.72,4167195.0200000005,3251051.709172192,801963885.3124118,727473780,74490105.31241177
2026-07-01,National,NTL,Genesis,Brand,15869625.142370269,12306809.940000001,7934718.590000001,4372091.35,3562815.2023702674,917952051.4000447,828984407,88967644.4000448
2026-08-01,National,NTL,Genesis,Brand,20487197.244406827,16315136.13,11579811.71,4735324.420000001,4172061.114406827,817400083.3069954,721772405,95627678.30699544
