date_month,geo_type,region_code,brand,model,srs_sales_volume
2024-01-01,National,NTL,Genesis,Brand,4269
2024-02-01,National,NTL,Genesis,Brand,4463
2024-03-01,National,NTL,Genesis,Brand,5156
2024-04-01,National,NTL,Genesis,Brand,4626
2024-05-01,National,NTL,Genesis,Brand,5478
2024-06-01,National,NTL,Genesis,Brand,5529
2024-07-01,National,NTL,Genesis,Brand,6120
2024-08-01,National,NTL,Genesis,Brand,6712
2024-09-01,National,NTL,Genesis,Brand,5218
2024-10-01,National,NTL,Genesis,Brand,5940
2024-11-01,National,NTL,Genesis,Brand,6534
2024-12-01,National,NTL,Genesis,Brand,7360
2025-01-01,National,NTL,Genesis,Brand,4547
2025-02-01,National,NTL,Genesis,Brand,5097
2025-03-01,National,NTL,Genesis,Brand,6841
2025-04-01,National,NTL,Genesis,Brand,5738
2025-05-01,National,NTL,Genesis,Brand,6323
2025-06-01,National,NTL,Genesis,Brand,5823
2025-07-01,National,NTL,Genesis,Brand,6100
2025-08-01,National,NTL,Genesis,Brand,7345
2025-09-01,National,NTL,Genesis,Brand,5891
2025-10-01,National,NTL,Genesis,Brand,5751
2025-11-01,National,NTL,Genesis,Brand,6732
2025-12-01,National,NTL,Genesis,Brand,7903
2026-01-01,National,NTL,Genesis,Brand,5050
2026-02-01,National,NTL,Genesis,Brand,5228
2026-03-01,National,NTL,Genesis,Brand,6866
2026-04-01,National,NTL,Genesis,Brand,5473
2026-05-01,National,NTL,Genesis,Brand,6622
2026-06-01,National,NTL,Genesis,Brand,6601
2026-07-01,National,NTL,Genesis,Brand,5913
2026-08-01,National,NTL,Genesis,Brand,6629
