date_month,rdr_sales_volume,google_adops_index_volume,google_adops_make_only_index_volume,t1_visits,t3_vdps,research_actions,shop_actions,credit_apps
2022-01-01,,,,,471044,,,
2022-02-01,,,,,398499,,,
2022-03-01,,,,,467448,,,
2022-04-01,,,,,473822,,,
2022-05-01,,,,,456831,,,
2022-06-01,,,,,453477,,,
2022-07-01,,,,,513223,,,
2022-08-01,,,,,566535,,,
2022-09-01,,,,,487274,,,
2022-10-01,,,,,463988,,,
2022-11-01,,,,,491437,,,
2022-12-01,,,,,585651,,,
2023-01-01,3905,,,1787166,583838,,,2962.0
2023-02-01,4208,,,1965106,548209,,,3410.0
2023-03-01,5191,,,1894044,620378,,,4398.0
2023-04-01,5557,,,2204784,575262,,,4691.0
2023-05-01,5102,,,2088196,599910,,,4345.0
2023-06-01,4929,,,2004464,604302,,,4110.0
2023-07-01,5530,,,2555274,633155,,,4802.0
2023-08-01,5746,,,2463274,659226,,,4639.0
2023-09-01,5413,,,2237557,617716,,,4277.0
2023-10-01,4902,,,2755915,610108,,,3565.0
2023-11-01,5434,,,2101457,584138,,,4120.0
2023-12-01,6636,,,3006061,770067,,,5683.0
2024-01-01,4269,,,3188240,745644,,,2919.0
2024-02-01,4463,,,4833467,732042,,,3414.0
2024-03-01,5156,,,3391890,795490,,,4150.0
2024-04-01,4626,,,3526157,857372,,1506377,3818.0
2024-05-01,5476,,,2959605,847954,,1542312,4675.0
2024-06-01,5529,,,3424787,838760,,1508226,4176.0
2024-07-01,6120,,,3555934,933141,,1605660,4457.0
2024-08-01,6712,,,3558419,929001,,1606726,5236.0
2024-09-01,5218,276.59709999999995,65.82270000000005,3223181,878245,,1546952,3963.0
2024-10-01,5940,490.85180000000025,250.16900000000032,3354517,922662,,1591742,4673.0
2024-11-01,6534,485.7543000000002,252.68230000000034,2927195,982778,,1730219,5335.0
2024-12-01,7358,465.8793,248.2423,3097467,1060559,,1857672,6000.0
2025-01-01,4547,479.08760000000007,251.08790000000025,2222536,965801,558207,1795167,3553.0
2025-02-01,5096,470.5698000000002,269.38190000000026,2152758,977671,555567,1712761,4033.0
2025-03-01,6840,526.5129000000004,281.80570000000046,2773093,1063653,717043,1951795,5604.0
2025-04-01,5736,492.9976000000004,262.56040000000036,2966512,1068858,639916,1846231,4362.0
2025-05-01,6323,500.8013000000003,254.37540000000033,3477764,1048137,649000,1794818,4595.0
2025-06-01,5823,469.8731000000002,233.1294000000002,3108772,1032515,621220,1769856,3858.0
2025-07-01,6100,493.95420000000024,251.21980000000028,3739230,1158327,726185,1937843,4719.0
2025-08-01,7345,505.42250000000024,265.9414000000003,3804856,1210275,805095,2011223,5701.0
2025-09-01,5891,497.9543000000004,271.15260000000035,2582776,1127467,712822,1895141,3993.0
2025-10-01,5751,481.1409000000001,251.05260000000024,3238037,1085835,699373,1899390,4306.0
2025-11-01,6732,514.7790000000005,270.3208000000004,3282573,1131646,707951,1926211,6102.0
2025-12-01,7903,513.8844000000004,269.81780000000043,3169962,1188715,796844,2058728,7165.0
2026-01-01,5050,504.0722000000003,258.45760000000035,2525128,1227429,703783,2143162,4247.0
2026-02-01,5228,498.2229000000004,270.04190000000045,2513449,1087628,634175,1944595,4299.0
2026-03-01,6866,533.4139000000006,273.3788000000006,2876458,1140664,711642,2164794,6157.0
2026-04-01,5473,524.6708000000004,265.9332000000005,3390504,1120431,698624,2087158,4972.0
2026-05-01,6622,540.1162000000003,289.51380000000034,2866305,1123884,671211,2097406,6046.0
2026-06-01,6601,540.5061000000004,291.3826000000004,2694800,1067184,658936,2068366,5620.0
2026-07-01,5908,573.9540000000007,296.6476000000007,2975050,1146011,828540,2260324,5916.0
2026-08-01,6629,569.4115000000005,316.13480000000067,3403517,1147328,883871,1739966,6246.0
