sales_date_month,calendar_month,assigned_days,calendar_days,allocation_weight
2023-01-01,2023-01-01,28,31,0.9032258064516129
2023-02-01,2023-02-01,28,28,1.0
2023-03-01,2023-03-01,31,31,1.0
2023-04-01,2023-04-01,30,30,1.0
2023-04-01,2023-05-01,1,31,0.03225806451612903
2023-05-01,2023-05-01,30,31,0.967741935483871
2023-06-01,2023-06-01,30,30,1.0
2023-07-01,2023-07-01,31,31,1.0
2023-08-01,2023-08-01,31,31,1.0
2023-09-01,2023-09-01,30,30,1.0
2023-09-01,2023-10-01,2,31,0.06451612903225806
2023-10-01,2023-10-01,29,31,0.9354838709677419
2023-11-01,2023-11-01,30,30,1.0
2023-12-01,2023-12-01,31,31,1.0
2023-12-01,2024-01-01,2,31,0.06451612903225806
2024-01-01,2024-01-01,29,31,0.9354838709677419
2024-02-01,2024-02-01,29,29,1.0
2024-03-01,2024-03-01,31,31,1.0
2024-03-01,2024-04-01,1,30,0.03333333333333333
2024-04-01,2024-04-01,29,30,0.9666666666666667
2024-05-01,2024-05-01,31,31,1.0
2024-06-01,2024-06-01,30,30,1.0
2024-06-01,2024-07-01,1,31,0.03225806451612903
2024-07-01,2024-07-01,30,31,0.967741935483871
2024-08-01,2024-08-01,31,31,1.0
2024-08-01,2024-09-01,3,30,0.1
2024-09-01,2024-09-01,27,30,0.9
2024-10-01,2024-10-01,31,31,1.0
2024-11-01,2024-11-01,30,30,1.0
2024-11-01,2024-12-01,2,31,0.06451612903225806
2024-12-01,2024-12-01,29,31,0.9354838709677419
2024-12-01,2025-01-01,2,31,0.06451612903225806
2025-01-01,2025-01-01,29,31,0.9354838709677419
2025-02-01,2025-02-01,28,28,1.0
2025-03-01,2025-03-01,31,31,1.0
2025-04-01,2025-04-01,30,30,1.0
2025-05-01,2025-05-01,31,31,1.0
2025-05-01,2025-06-01,2,30,0.06666666666666667
2025-06-01,2025-06-01,28,30,0.9333333333333333
2025-07-01,2025-07-01,31,31,1.0
2025-08-01,2025-08-01,31,31,1.0
2025-08-01,2025-09-01,2,30,0.06666666666666667
2025-09-01,2025-09-01,28,30,0.9333333333333333
2025-10-01,2025-10-01,31,31,1.0
2025-11-01,2025-11-01,30,30,1.0
2025-11-01,2025-12-01,1,31,0.03225806451612903
2025-12-01,2025-12-01,30,31,0.967741935483871
2025-12-01,2026-01-01,2,31,0.06451612903225806
2026-01-01,2026-01-01,29,31,0.9354838709677419
2026-01-01,2026-02-01,2,28,0.07142857142857142
2026-02-01,2026-02-01,26,28,0.9285714285714286
2026-02-01,2026-03-01,2,31,0.06451612903225806
2026-03-01,2026-03-01,29,31,0.9354838709677419
2026-04-01,2026-04-01,30,30,1.0
2026-05-01,2026-05-01,31,31,1.0
2026-05-01,2026-06-01,1,30,0.03333333333333333
2026-06-01,2026-06-01,29,30,0.9666666666666667
2026-07-01,2026-07-01,31,31,1.0
2026-08-01,2026-08-01,31,31,1.0
