dma_id,dma_name,latitude,longitude,sub_polygon_id,point_of_order
771,"Yuma, AZ-El Centro, CA",32.5049,-113.3339,1,1
771,"Yuma, AZ-El Centro, CA",32.0386,-113.3338,1,2
771,"Yuma, AZ-El Centro, CA",32.4943,-114.8136,1,3
771,"Yuma, AZ-El Centro, CA",32.7188,-114.7196,1,4
771,"Yuma, AZ-El Centro, CA",32.6186,-116.1062,1,5
771,"Yuma, AZ-El Centro, CA",33.4259,-116.0852,1,6
771,"Yuma, AZ-El Centro, CA",33.4336,-114.6271,1,7
771,"Yuma, AZ-El Centro, CA",33.405,-114.7253,1,8
771,"Yuma, AZ-El Centro, CA",33.3024,-114.7312,1,9
771,"Yuma, AZ-El Centro, CA",33.2585,-114.6721,1,10
771,"Yuma, AZ-El Centro, CA",33.0882,-114.7065,1,11
771,"Yuma, AZ-El Centro, CA",33.0254,-114.6017,1,12
771,"Yuma, AZ-El Centro, CA",33.0298,-114.2687,1,13
771,"Yuma, AZ-El Centro, CA",33.4636,-114.2678,1,14
771,"Yuma, AZ-El Centro, CA",33.4647,-113.958,1,15
771,"Yuma, AZ-El Centro, CA",33.3776,-113.958,1,16
771,"Yuma, AZ-El Centro, CA",33.3774,-113.3339,1,17
771,"Yuma, AZ-El Centro, CA",32.5049,-113.3339,1,18
800,"Bakersfield, CA",35.7915,-118.0664,1,1
800,"Bakersfield, CA",35.7465,-118.1146,1,2
800,"Bakersfield, CA",35.6025,-117.915,1,3
800,"Bakersfield, CA",35.5158,-118.0221,1,4
800,"Bakersfield, CA",35.2474,-118.0605,1,5
800,"Bakersfield, CA",34.9787,-118.5244,1,6
800,"Bakersfield, CA",35.0682,-118.7462,1,7
800,"Bakersfield, CA",35.0246,-118.7245,1,8
800,"Bakersfield, CA",34.9634,-118.8509,1,9
800,"Bakersfield, CA",34.8851,-118.7694,1,10
800,"Bakersfield, CA",34.9371,-118.9366,1,11
800,"Bakersfield, CA",34.7905,-118.8819,1,12
800,"Bakersfield, CA",34.9012,-119.4728,1,13
800,"Bakersfield, CA",35.0769,-119.4727,1,14
800,"Bakersfield, CA",35.0877,-119.561,1,15
800,"Bakersfield, CA",35.18,-119.5535,1,16
800,"Bakersfield, CA",35.2636,-119.8095,1,17
800,"Bakersfield, CA",35.4391,-119.88,1,18
800,"Bakersfield, CA",35.4395,-119.9974,1,19
800,"Bakersfield, CA",35.6145,-120.0859,1,20
800,"Bakersfield, CA",35.6144,-120.1939,1,21
800,"Bakersfield, CA",35.7892,-120.1941,1,22
800,"Bakersfield, CA",35.7915,-118.0664,1,23
800,"Bakersfield, CA",34.8408,-118.8708,2,1
800,"Bakersfield, CA",34.8432,-118.8692,2,2
800,"Bakersfield, CA",34.8428,-118.8684,2,3
800,"Bakersfield, CA",34.8408,-118.8708,2,4
802,"Eureka, CA",41.1799,-123.4083,1,1
802,"Eureka, CA",40.9438,-123.448,1,2
802,"Eureka, CA",40.9288,-123.6236,1,3
802,"Eureka, CA",40.7336,-123.543,1,4
802,"Eureka, CA",40.0019,-123.5445,1,5
802,"Eureka, CA",40.0227,-124.0733,1,6
802,"Eureka, CA",40.2574,-124.361,1,7
802,"Eureka, CA",40.4384,-124.4095,1,8
802,"Eureka, CA",40.6151,-124.3303,1,9
802,"Eureka, CA",40.7566,-124.2343,1,10
802,"Eureka, CA",40.6977,-124.2614,1,11
802,"Eureka, CA",40.8322,-124.083,1,12
802,"Eureka, CA",40.8639,-124.153,1,13
802,"Eureka, CA",40.7823,-124.1997,1,14
802,"Eureka, CA",40.7652,-124.2337,1,15
802,"Eureka, CA",40.9873,-124.1177,1,16
802,"Eureka, CA",41.1303,-124.1654,1,17
802,"Eureka, CA",41.442,-124.0632,1,18
802,"Eureka, CA",41.718,-124.1474,1,19
802,"Eureka, CA",41.771,-124.2543,1,20
802,"Eureka, CA",41.9985,-124.2116,1,21
802,"Eureka, CA",42.0009,-123.5179,1,22
802,"Eureka, CA",41.8295,-123.7037,1,23
802,"Eureka, CA",41.7141,-123.6602,1,24
802,"Eureka, CA",41.5953,-123.7191,1,25
802,"Eureka, CA",41.4621,-123.6118,1,26
802,"Eureka, CA",41.3821,-123.6614,1,27
802,"Eureka, CA",41.3721,-123.4812,1,28
802,"Eureka, CA",41.1799,-123.4083,1,29
802,"Eureka, CA",40.8075,-124.177,2,1
802,"Eureka, CA",40.8199,-124.1672,2,2
802,"Eureka, CA",40.8179,-124.1566,2,3
802,"Eureka, CA",40.8151,-124.1577,2,4
802,"Eureka, CA",40.8075,-124.177,2,5
802,"Eureka, CA",40.8079,-124.1665,3,1
802,"Eureka, CA",40.8125,-124.1582,3,2
802,"Eureka, CA",40.8116,-124.1558,3,3
802,"Eureka, CA",40.8084,-124.1584,3,4
802,"Eureka, CA",40.8079,-124.1665,3,5
803,"Los Angeles, CA",33.4321,-117.2092,1,1
803,"Los Angeles, CA",33.505,-117.5097,1,2
803,"Los Angeles, CA",33.3875,-117.5957,1,3
803,"Los Angeles, CA",33.7518,-118.1147,1,4
803,"Los Angeles, CA",33.7412,-118.4115,1,5
803,"Los Angeles, CA",33.9798,-118.4413,1,6
803,"Los Angeles, CA",34.0306,-118.5264,1,7
803,"Los Angeles, CA",34.0005,-118.8053,1,8
803,"Los Angeles, CA",34.0995,-119.1292,1,9
803,"Los Angeles, CA",34.3734,-119.4768,1,10
803,"Los Angeles, CA",34.9013,-119.4424,1,11
803,"Los Angeles, CA",34.8797,-119.2769,1,12
803,"Los Angeles, CA",34.8142,-119.2436,1,13
803,"Los Angeles, CA",34.7905,-118.8819,1,14
803,"Los Angeles, CA",34.9371,-118.9366,1,15
803,"Los Angeles, CA",34.8851,-118.7694,1,16
803,"Los Angeles, CA",34.9634,-118.8509,1,17
803,"Los Angeles, CA",35.0246,-118.7245,1,18
803,"Los Angeles, CA",35.0682,-118.7462,1,19
803,"Los Angeles, CA",34.9787,-118.5244,1,20
803,"Los Angeles, CA",35.2428,-118.0651,1,21
803,"Los Angeles, CA",35.5158,-118.0221,1,22
803,"Los Angeles, CA",35.6025,-117.915,1,23
803,"Los Angeles, CA",35.7465,-118.1146,1,24
803,"Los Angeles, CA",35.8675,-117.9808,1,25
803,"Los Angeles, CA",36.3461,-118.1003,1,26
803,"Los Angeles, CA",36.6912,-118.3664,1,27
803,"Los Angeles, CA",37.0598,-118.4371,1,28
803,"Los Angeles, CA",37.1553,-118.6677,1,29
803,"Los Angeles, CA",37.2619,-118.6653,1,30
803,"Los Angeles, CA",37.3432,-118.787,1,31
803,"Los Angeles, CA",37.4631,-118.775,1,32
803,"Los Angeles, CA",37.4649,-117.8327,1,33
803,"Los Angeles, CA",35.0021,-114.633,1,34
803,"Los Angeles, CA",34.875,-114.6352,1,35
803,"Los Angeles, CA",34.713,-114.4716,1,36
803,"Los Angeles, CA",34.4562,-114.3852,1,37
803,"Los Angeles, CA",34.3032,-114.1383,1,38
803,"Los Angeles, CA",33.9486,-114.5281,1,39
803,"Los Angeles, CA",33.7079,-114.4942,1,40
803,"Los Angeles, CA",33.4336,-114.6271,1,41
803,"Los Angeles, CA",33.4274,-115.6774,1,42
803,"Los Angeles, CA",33.5872,-116.0321,1,43
803,"Los Angeles, CA",33.8609,-116.2002,1,44
803,"Los Angeles, CA",33.9753,-116.4585,1,45
803,"Los Angeles, CA",34.0329,-116.4579,1,46
803,"Los Angeles, CA",34.0338,-116.7196,1,47
803,"Los Angeles, CA",33.7448,-116.6857,1,48
803,"Los Angeles, CA",33.6771,-116.7906,1,49
803,"Los Angeles, CA",33.5612,-116.5698,1,50
803,"Los Angeles, CA",33.4681,-116.5408,1,51
803,"Los Angeles, CA",33.4321,-117.2092,1,52
803,"Los Angeles, CA",34.0119,-119.378,2,1
803,"Los Angeles, CA",34.016,-119.3721,2,2
803,"Los Angeles, CA",34.0159,-119.3575,2,3
803,"Los Angeles, CA",34.0131,-119.3658,2,4
803,"Los Angeles, CA",34.0119,-119.378,2,5
803,"Los Angeles, CA",34.0027,-119.392,3,1
803,"Los Angeles, CA",34.0051,-119.4224,3,2
803,"Los Angeles, CA",34.0138,-119.444,3,3
803,"Los Angeles, CA",34.0106,-119.3792,3,4
803,"Los Angeles, CA",34.0027,-119.392,3,5
803,"Los Angeles, CA",33.2991,-118.3252,4,1
803,"Los Angeles, CA",33.3264,-118.4653,4,2
803,"Los Angeles, CA",33.4358,-118.5013,4,3
803,"Los Angeles, CA",33.4788,-118.6057,4,4
803,"Los Angeles, CA",33.4069,-118.3666,4,5
803,"Los Angeles, CA",33.2991,-118.3252,4,6
803,"Los Angeles, CA",33.214,-119.4701,5,1
803,"Los Angeles, CA",33.2328,-119.5462,5,2
803,"Los Angeles, CA",33.2786,-119.5787,5,3
803,"Los Angeles, CA",33.2287,-119.4215,5,4
803,"Los Angeles, CA",33.214,-119.4701,5,5
803,"Los Angeles, CA",32.8008,-118.4247,6,1
803,"Los Angeles, CA",32.8518,-118.5001,6,2
803,"Los Angeles, CA",33.0323,-118.6074,6,3
803,"Los Angeles, CA",32.8207,-118.3487,6,4
803,"Los Angeles, CA",32.8008,-118.4247,6,5
804,"Palm Springs, CA",33.4259,-116.0852,1,1
804,"Palm Springs, CA",33.4272,-116.5927,1,2
804,"Palm Springs, CA",33.5612,-116.5698,1,3
804,"Palm Springs, CA",33.6875,-116.7935,1,4
804,"Palm Springs, CA",33.7448,-116.6857,1,5
804,"Palm Springs, CA",34.0338,-116.7196,1,6
804,"Palm Springs, CA",34.0329,-116.4579,1,7
804,"Palm Springs, CA",33.9753,-116.4585,1,8
804,"Palm Springs, CA",33.8609,-116.2002,1,9
804,"Palm Springs, CA",33.5872,-116.0321,1,10
804,"Palm Springs, CA",33.4274,-115.6774,1,11
804,"Palm Springs, CA",33.4259,-116.0852,1,12
807,"San Francisco-Oakland-San Jose, CA",39.3833,-122.7391,1,1
807,"San Francisco-Oakland-San Jose, CA",39.2849,-122.7577,1,2
807,"San Francisco-Oakland-San Jose, CA",39.173,-122.4759,1,3
807,"San Francisco-Oakland-San Jose, CA",39.0535,-122.492,1,4
807,"San Francisco-Oakland-San Jose, CA",38.9242,-122.3402,1,5
807,"San Francisco-Oakland-San Jose, CA",38.9009,-122.4221,1,6
807,"San Francisco-Oakland-San Jose, CA",38.8399,-122.288,1,7
807,"San Francisco-Oakland-San Jose, CA",38.6553,-122.1683,1,8
807,"San Francisco-Oakland-San Jose, CA",38.3289,-122.0614,1,9
807,"San Francisco-Oakland-San Jose, CA",38.3151,-122.2064,1,10
807,"San Francisco-Oakland-San Jose, CA",38.1793,-122.2156,1,11
807,"San Francisco-Oakland-San Jose, CA",38.1188,-122.0642,1,12
807,"San Francisco-Oakland-San Jose, CA",38.0454,-122.129,1,13
807,"San Francisco-Oakland-San Jose, CA",38.1557,-122.4063,1,14
807,"San Francisco-Oakland-San Jose, CA",38.109,-122.4881,1,15
807,"San Francisco-Oakland-San Jose, CA",37.9858,-122.4471,1,16
807,"San Francisco-Oakland-San Jose, CA",37.9435,-122.5306,1,17
807,"San Francisco-Oakland-San Jose, CA",37.883,-122.4386,1,18
807,"San Francisco-Oakland-San Jose, CA",37.8969,-122.525,1,19
807,"San Francisco-Oakland-San Jose, CA",37.8365,-122.4719,1,20
807,"San Francisco-Oakland-San Jose, CA",37.8151,-122.5275,1,21
807,"San Francisco-Oakland-San Jose, CA",38.0293,-122.9232,1,22
807,"San Francisco-Oakland-San Jose, CA",38.091,-122.9286,1,23
807,"San Francisco-Oakland-San Jose, CA",37.9904,-122.9642,1,24
807,"San Francisco-Oakland-San Jose, CA",37.9954,-123.0236,1,25
807,"San Francisco-Oakland-San Jose, CA",38.155,-122.9488,1,26
807,"San Francisco-Oakland-San Jose, CA",38.2408,-122.9951,1,27
807,"San Francisco-Oakland-San Jose, CA",38.1327,-122.8939,1,28
807,"San Francisco-Oakland-San Jose, CA",38.0823,-122.835,1,29
807,"San Francisco-Oakland-San Jose, CA",38.0914,-122.8253,1,30
807,"San Francisco-Oakland-San Jose, CA",38.3026,-123.0648,1,31
807,"San Francisco-Oakland-San Jose, CA",38.4525,-123.131,1,32
807,"San Francisco-Oakland-San Jose, CA",38.9172,-123.7262,1,33
807,"San Francisco-Oakland-San Jose, CA",39.0514,-123.6913,1,34
807,"San Francisco-Oakland-San Jose, CA",39.3481,-123.8274,1,35
807,"San Francisco-Oakland-San Jose, CA",39.687,-123.7931,1,36
807,"San Francisco-Oakland-San Jose, CA",40.0013,-124.0232,1,37
807,"San Francisco-Oakland-San Jose, CA",39.9781,-122.934,1,38
807,"San Francisco-Oakland-San Jose, CA",39.5801,-122.8854,1,39
807,"San Francisco-Oakland-San Jose, CA",39.5807,-122.7356,1,40
807,"San Francisco-Oakland-San Jose, CA",39.3833,-122.7391,1,41
807,"San Francisco-Oakland-San Jose, CA",37.1316,-121.2231,2,1
807,"San Francisco-Oakland-San Jose, CA",36.9612,-121.2154,2,2
807,"San Francisco-Oakland-San Jose, CA",36.9831,-121.489,2,3
807,"San Francisco-Oakland-San Jose, CA",36.8942,-121.575,2,4
807,"San Francisco-Oakland-San Jose, CA",37.2858,-122.1496,2,5
807,"San Francisco-Oakland-San Jose, CA",37.2154,-122.1528,2,6
807,"San Francisco-Oakland-San Jose, CA",37.1869,-122.3177,2,7
807,"San Francisco-Oakland-San Jose, CA",37.1134,-122.2893,2,8
807,"San Francisco-Oakland-San Jose, CA",37.1175,-122.3371,2,9
807,"San Francisco-Oakland-San Jose, CA",37.5242,-122.5179,2,10
807,"San Francisco-Oakland-San Jose, CA",37.7845,-122.5109,2,11
807,"San Francisco-Oakland-San Jose, CA",37.8073,-122.4004,2,12
807,"San Francisco-Oakland-San Jose, CA",37.6357,-122.4029,2,13
807,"San Francisco-Oakland-San Jose, CA",37.5071,-122.2447,2,14
807,"San Francisco-Oakland-San Jose, CA",37.5426,-122.2179,2,15
807,"San Francisco-Oakland-San Jose, CA",37.4435,-122.0898,2,16
807,"San Francisco-Oakland-San Jose, CA",37.4535,-121.9442,2,17
807,"San Francisco-Oakland-San Jose, CA",37.4991,-122.1051,2,18
807,"San Francisco-Oakland-San Jose, CA",37.6751,-122.1636,2,19
807,"San Francisco-Oakland-San Jose, CA",37.7404,-122.2612,2,20
807,"San Francisco-Oakland-San Jose, CA",37.7315,-122.2093,2,21
807,"San Francisco-Oakland-San Jose, CA",37.7589,-122.2118,2,22
807,"San Francisco-Oakland-San Jose, CA",37.8056,-122.3426,2,23
807,"San Francisco-Oakland-San Jose, CA",37.8916,-122.3091,2,24
807,"San Francisco-Oakland-San Jose, CA",37.9646,-122.4294,2,25
807,"San Francisco-Oakland-San Jose, CA",38.0574,-122.2596,2,26
807,"San Francisco-Oakland-San Jose, CA",38.0222,-122.1499,2,27
807,"San Francisco-Oakland-San Jose, CA",38.066,-121.8625,2,28
807,"San Francisco-Oakland-San Jose, CA",38.0186,-121.7772,2,29
807,"San Francisco-Oakland-San Jose, CA",38.0951,-121.5822,2,30
807,"San Francisco-Oakland-San Jose, CA",37.5427,-121.5567,2,31
807,"San Francisco-Oakland-San Jose, CA",37.3807,-121.4091,2,32
807,"San Francisco-Oakland-San Jose, CA",37.2518,-121.4564,2,33
807,"San Francisco-Oakland-San Jose, CA",37.1502,-121.3992,2,34
807,"San Francisco-Oakland-San Jose, CA",37.1839,-121.2819,2,35
807,"San Francisco-Oakland-San Jose, CA",37.1316,-121.2231,2,36
807,"San Francisco-Oakland-San Jose, CA",37.9447,-121.5591,3,1
807,"San Francisco-Oakland-San Jose, CA",37.945,-121.5584,3,2
807,"San Francisco-Oakland-San Jose, CA",37.9447,-121.5583,3,3
807,"San Francisco-Oakland-San Jose, CA",37.9447,-121.5591,3,4
807,"San Francisco-Oakland-San Jose, CA",37.8527,-122.4188,4,1
807,"San Francisco-Oakland-San Jose, CA",37.8552,-122.441,4,2
807,"San Francisco-Oakland-San Jose, CA",37.861,-122.4464,4,3
807,"San Francisco-Oakland-San Jose, CA",37.8707,-122.425,4,4
807,"San Francisco-Oakland-San Jose, CA",37.8527,-122.4188,4,5
807,"San Francisco-Oakland-San Jose, CA",37.8072,-122.3675,5,1
807,"San Francisco-Oakland-San Jose, CA",37.827,-122.3791,5,2
807,"San Francisco-Oakland-San Jose, CA",37.8327,-122.3731,5,3
807,"San Francisco-Oakland-San Jose, CA",37.8151,-122.3592,5,4
807,"San Francisco-Oakland-San Jose, CA",37.8072,-122.3675,5,5
807,"San Francisco-Oakland-San Jose, CA",37.825,-122.4211,6,1
807,"San Francisco-Oakland-San Jose, CA",37.8264,-122.424,6,2
807,"San Francisco-Oakland-San Jose, CA",37.8282,-122.4256,6,3
807,"San Francisco-Oakland-San Jose, CA",37.8266,-122.421,6,4
807,"San Francisco-Oakland-San Jose, CA",37.825,-122.4211,6,5
807,"San Francisco-Oakland-San Jose, CA",37.75,-122.2334,7,1
807,"San Francisco-Oakland-San Jose, CA",37.7712,-122.2814,7,2
807,"San Francisco-Oakland-San Jose, CA",37.7822,-122.3324,7,3
807,"San Francisco-Oakland-San Jose, CA",37.7972,-122.3312,7,4
807,"San Francisco-Oakland-San Jose, CA",37.75,-122.2334,7,5
807,"San Francisco-Oakland-San Jose, CA",37.7641,-122.2827,8,1
807,"San Francisco-Oakland-San Jose, CA",37.7655,-122.2889,8,2
807,"San Francisco-Oakland-San Jose, CA",37.7695,-122.2869,8,3
807,"San Francisco-Oakland-San Jose, CA",37.7657,-122.287,8,4
807,"San Francisco-Oakland-San Jose, CA",37.7641,-122.2827,8,5
825,"San Diego, CA",32.6186,-116.1062,1,1
825,"San Diego, CA",32.5342,-117.1249,1,2
825,"San Diego, CA",32.6977,-117.2269,1,3
825,"San Diego, CA",32.6029,-117.1052,1,4
825,"San Diego, CA",32.6741,-117.1161,1,5
825,"San Diego, CA",32.7274,-117.1783,1,6
825,"San Diego, CA",32.698,-117.2561,1,7
825,"San Diego, CA",32.7621,-117.1861,1,8
825,"San Diego, CA",32.7593,-117.2531,1,9
825,"San Diego, CA",32.8223,-117.2808,1,10
825,"San Diego, CA",33.1152,-117.3251,1,11
825,"San Diego, CA",33.3861,-117.5954,1,12
825,"San Diego, CA",33.4536,-117.5799,1,13
825,"San Diego, CA",33.505,-117.3642,1,14
825,"San Diego, CA",33.4318,-117.2413,1,15
825,"San Diego, CA",33.4259,-116.0852,1,16
825,"San Diego, CA",32.6186,-116.1062,1,17
828,"Monterey-Salinas, CA",35.7952,-121.3473,1,1
828,"Monterey-Salinas, CA",36.1635,-121.6758,1,2
828,"Monterey-Salinas, CA",36.3061,-121.9027,1,3
828,"Monterey-Salinas, CA",36.5805,-121.9786,1,4
828,"Monterey-Salinas, CA",36.6827,-121.8145,1,5
828,"Monterey-Salinas, CA",36.8048,-121.7883,1,6
828,"Monterey-Salinas, CA",36.9323,-121.8631,1,7
828,"Monterey-Salinas, CA",36.9762,-122.1532,1,8
828,"Monterey-Salinas, CA",37.1869,-122.3177,1,9
828,"Monterey-Salinas, CA",37.2154,-122.1528,1,10
828,"Monterey-Salinas, CA",37.2768,-122.1532,1,11
828,"Monterey-Salinas, CA",37.2858,-122.1496,1,12
828,"Monterey-Salinas, CA",36.8942,-121.575,1,13
828,"Monterey-Salinas, CA",36.9831,-121.489,1,14
828,"Monterey-Salinas, CA",36.9612,-121.2145,1,15
828,"Monterey-Salinas, CA",36.8367,-121.1415,1,16
828,"Monterey-Salinas, CA",36.4882,-120.5972,1,17
828,"Monterey-Salinas, CA",36.1381,-120.6676,1,18
828,"Monterey-Salinas, CA",35.8966,-120.2637,1,19
828,"Monterey-Salinas, CA",35.7893,-120.214,1,20
828,"Monterey-Salinas, CA",35.7952,-121.3473,1,21
828,"Monterey-Salinas, CA",37.0116,-121.7173,2,1
828,"Monterey-Salinas, CA",37.0117,-121.7175,2,2
828,"Monterey-Salinas, CA",37.0126,-121.7177,2,3
828,"Monterey-Salinas, CA",37.012,-121.7167,2,4
828,"Monterey-Salinas, CA",37.0116,-121.7173,2,5
855,"Santa Barbara-Santa Maria-San Luis Obispo, CA",34.4421,-120.4536,1,1
855,"Santa Barbara-Santa Maria-San Luis Obispo, CA",34.5773,-120.6506,1,2
855,"Santa Barbara-Santa Maria-San Luis Obispo, CA",34.7046,-120.6005,1,3
855,"Santa Barbara-Santa Maria-San Luis Obispo, CA",34.9028,-120.6719,1,4
855,"Santa Barbara-Santa Maria-San Luis Obispo, CA",35.1436,-120.6472,1,5
855,"Santa Barbara-Santa Maria-San Luis Obispo, CA",35.206,-120.8567,1,6
855,"Santa Barbara-Santa Maria-San Luis Obispo, CA",35.2552,-120.8997,1,7
855,"Santa Barbara-Santa Maria-San Luis Obispo, CA",35.3677,-120.863,1,8
855,"Santa Barbara-Santa Maria-San Luis Obispo, CA",35.3115,-120.8666,1,9
855,"Santa Barbara-Santa Maria-San Luis Obispo, CA",35.3379,-120.8273,1,10
855,"Santa Barbara-Santa Maria-San Luis Obispo, CA",35.4343,-120.888,1,11
855,"Santa Barbara-Santa Maria-San Luis Obispo, CA",35.6646,-121.2866,1,12
855,"Santa Barbara-Santa Maria-San Luis Obispo, CA",35.7952,-121.3473,1,13
855,"Santa Barbara-Santa Maria-San Luis Obispo, CA",35.7892,-120.1941,1,14
855,"Santa Barbara-Santa Maria-San Luis Obispo, CA",35.6144,-120.1939,1,15
855,"Santa Barbara-Santa Maria-San Luis Obispo, CA",35.6145,-120.0859,1,16
855,"Santa Barbara-Santa Maria-San Luis Obispo, CA",35.5266,-120.0867,1,17
855,"Santa Barbara-Santa Maria-San Luis Obispo, CA",35.4395,-119.9974,1,18
855,"Santa Barbara-Santa Maria-San Luis Obispo, CA",35.4391,-119.88,1,19
855,"Santa Barbara-Santa Maria-San Luis Obispo, CA",35.2636,-119.8095,1,20
855,"Santa Barbara-Santa Maria-San Luis Obispo, CA",35.2625,-119.6667,1,21
855,"Santa Barbara-Santa Maria-San Luis Obispo, CA",35.1748,-119.6671,1,22
855,"Santa Barbara-Santa Maria-San Luis Obispo, CA",35.18,-119.5535,1,23
855,"Santa Barbara-Santa Maria-San Luis Obispo, CA",35.0877,-119.561,1,24
855,"Santa Barbara-Santa Maria-San Luis Obispo, CA",35.0769,-119.4727,1,25
855,"Santa Barbara-Santa Maria-San Luis Obispo, CA",34.3734,-119.4768,1,26
855,"Santa Barbara-Santa Maria-San Luis Obispo, CA",34.4733,-120.137,1,27
855,"Santa Barbara-Santa Maria-San Luis Obispo, CA",34.4421,-120.4536,1,28
855,"Santa Barbara-Santa Maria-San Luis Obispo, CA",33.96,-119.8179,2,1
855,"Santa Barbara-Santa Maria-San Luis Obispo, CA",34.0772,-119.9192,2,2
855,"Santa Barbara-Santa Maria-San Luis Obispo, CA",34.0343,-119.5206,2,3
855,"Santa Barbara-Santa Maria-San Luis Obispo, CA",33.9954,-119.5601,2,4
855,"Santa Barbara-Santa Maria-San Luis Obispo, CA",33.96,-119.8179,2,5
855,"Santa Barbara-Santa Maria-San Luis Obispo, CA",34.014,-120.359,3,1
855,"Santa Barbara-Santa Maria-San Luis Obispo, CA",34.0319,-120.4082,3,2
855,"Santa Barbara-Santa Maria-San Luis Obispo, CA",34.0294,-120.4524,3,3
855,"Santa Barbara-Santa Maria-San Luis Obispo, CA",34.0765,-120.3683,3,4
855,"Santa Barbara-Santa Maria-San Luis Obispo, CA",34.0286,-120.3064,3,5
855,"Santa Barbara-Santa Maria-San Luis Obispo, CA",34.014,-120.359,3,6
855,"Santa Barbara-Santa Maria-San Luis Obispo, CA",33.8941,-120.1163,4,1
855,"Santa Barbara-Santa Maria-San Luis Obispo, CA",33.9247,-120.1803,4,2
855,"Santa Barbara-Santa Maria-San Luis Obispo, CA",34.0026,-120.2501,4,3
855,"Santa Barbara-Santa Maria-San Luis Obispo, CA",34.0377,-120.0551,4,4
855,"Santa Barbara-Santa Maria-San Luis Obispo, CA",33.9834,-119.9792,4,5
855,"Santa Barbara-Santa Maria-San Luis Obispo, CA",33.8941,-120.1163,4,6
862,"Sacramento-Stockton-Modesto, CA",38.0478,-121.8845,1,1
862,"Sacramento-Stockton-Modesto, CA",38.0845,-121.9122,1,2
862,"Sacramento-Stockton-Modesto, CA",38.0896,-122.0131,1,3
862,"Sacramento-Stockton-Modesto, CA",38.1141,-121.9837,1,4
862,"Sacramento-Stockton-Modesto, CA",38.1406,-121.9998,1,5
862,"Sacramento-Stockton-Modesto, CA",38.1793,-122.2156,1,6
862,"Sacramento-Stockton-Modesto, CA",38.3151,-122.2064,1,7
862,"Sacramento-Stockton-Modesto, CA",38.3289,-122.0614,1,8
862,"Sacramento-Stockton-Modesto, CA",38.6099,-122.1399,1,9
862,"Sacramento-Stockton-Modesto, CA",38.8399,-122.288,1,10
862,"Sacramento-Stockton-Modesto, CA",38.9009,-122.4221,1,11
862,"Sacramento-Stockton-Modesto, CA",38.9242,-122.3402,1,12
862,"Sacramento-Stockton-Modesto, CA",39.0535,-122.492,1,13
862,"Sacramento-Stockton-Modesto, CA",39.173,-122.4759,1,14
862,"Sacramento-Stockton-Modesto, CA",39.2245,-122.6797,1,15
862,"Sacramento-Stockton-Modesto, CA",39.3825,-122.7847,1,16
862,"Sacramento-Stockton-Modesto, CA",39.4136,-122.0089,1,17
862,"Sacramento-Stockton-Modesto, CA",39.3831,-121.889,1,18
862,"Sacramento-Stockton-Modesto, CA",39.3039,-121.9083,1,19
862,"Sacramento-Stockton-Modesto, CA",39.3401,-121.4065,1,20
862,"Sacramento-Stockton-Modesto, CA",39.5196,-121.3051,1,21
862,"Sacramento-Stockton-Modesto, CA",39.5195,-121.1591,1,22
862,"Sacramento-Stockton-Modesto, CA",39.5973,-121.0767,1,23
862,"Sacramento-Stockton-Modesto, CA",39.9003,-121.43,1,24
862,"Sacramento-Stockton-Modesto, CA",40.0861,-121.3668,1,25
862,"Sacramento-Stockton-Modesto, CA",40.1907,-121.4441,1,26
862,"Sacramento-Stockton-Modesto, CA",40.3098,-121.3423,1,27
862,"Sacramento-Stockton-Modesto, CA",40.3525,-121.4731,1,28
862,"Sacramento-Stockton-Modesto, CA",40.4456,-121.4976,1,29
862,"Sacramento-Stockton-Modesto, CA",40.4465,-121.0614,1,30
862,"Sacramento-Stockton-Modesto, CA",40.2348,-121.0415,1,31
862,"Sacramento-Stockton-Modesto, CA",40.1921,-120.8906,1,32
862,"Sacramento-Stockton-Modesto, CA",40.3012,-120.7966,1,33
862,"Sacramento-Stockton-Modesto, CA",40.3077,-120.6522,1,34
862,"Sacramento-Stockton-Modesto, CA",40.086,-120.2096,1,35
862,"Sacramento-Stockton-Modesto, CA",39.9103,-120.0996,1,36
862,"Sacramento-Stockton-Modesto, CA",39.7077,-120.1472,1,37
862,"Sacramento-Stockton-Modesto, CA",39.7224,-120.0013,1,38
862,"Sacramento-Stockton-Modesto, CA",39.0675,-120.0025,1,39
862,"Sacramento-Stockton-Modesto, CA",39.0197,-120.2066,1,40
862,"Sacramento-Stockton-Modesto, CA",38.7657,-120.0654,1,41
862,"Sacramento-Stockton-Modesto, CA",38.4471,-120.0726,1,42
862,"Sacramento-Stockton-Modesto, CA",38.3562,-119.8847,1,43
862,"Sacramento-Stockton-Modesto, CA",38.416,-119.7053,1,44
862,"Sacramento-Stockton-Modesto, CA",38.1989,-119.6327,1,45
862,"Sacramento-Stockton-Modesto, CA",38.0831,-119.3459,1,46
862,"Sacramento-Stockton-Modesto, CA",37.8437,-119.1964,1,47
862,"Sacramento-Stockton-Modesto, CA",37.7392,-119.269,1,48
862,"Sacramento-Stockton-Modesto, CA",37.9041,-119.5357,1,49
862,"Sacramento-Stockton-Modesto, CA",37.7549,-119.8085,1,50
862,"Sacramento-Stockton-Modesto, CA",37.7996,-120.174,1,51
862,"Sacramento-Stockton-Modesto, CA",37.7257,-120.3452,1,52
862,"Sacramento-Stockton-Modesto, CA",37.6537,-120.3126,1,53
862,"Sacramento-Stockton-Modesto, CA",37.6836,-120.3919,1,54
862,"Sacramento-Stockton-Modesto, CA",37.6335,-120.3877,1,55
862,"Sacramento-Stockton-Modesto, CA",37.3994,-120.9844,1,56
862,"Sacramento-Stockton-Modesto, CA",37.3458,-120.9642,1,57
862,"Sacramento-Stockton-Modesto, CA",37.1335,-121.2252,1,58
862,"Sacramento-Stockton-Modesto, CA",37.1502,-121.3992,1,59
862,"Sacramento-Stockton-Modesto, CA",37.2518,-121.4564,1,60
862,"Sacramento-Stockton-Modesto, CA",37.3807,-121.4091,1,61
862,"Sacramento-Stockton-Modesto, CA",37.5427,-121.5567,1,62
862,"Sacramento-Stockton-Modesto, CA",38.094,-121.5813,1,63
862,"Sacramento-Stockton-Modesto, CA",38.0478,-121.8845,1,64
862,"Sacramento-Stockton-Modesto, CA",38.0667,-122.0125,2,1
862,"Sacramento-Stockton-Modesto, CA",38.0805,-122.0383,2,2
862,"Sacramento-Stockton-Modesto, CA",38.0911,-122.0395,2,3
862,"Sacramento-Stockton-Modesto, CA",38.0779,-122.0011,2,4
862,"Sacramento-Stockton-Modesto, CA",38.0667,-122.0125,2,5
862,"Sacramento-Stockton-Modesto, CA",38.0764,-121.9814,3,1
862,"Sacramento-Stockton-Modesto, CA",38.0774,-121.9905,3,2
862,"Sacramento-Stockton-Modesto, CA",38.0809,-121.9921,3,3
862,"Sacramento-Stockton-Modesto, CA",38.0835,-121.9874,3,4
862,"Sacramento-Stockton-Modesto, CA",38.0764,-121.9814,3,5
862,"Sacramento-Stockton-Modesto, CA",38.071,-121.9762,4,1
862,"Sacramento-Stockton-Modesto, CA",38.0729,-121.9789,4,2
862,"Sacramento-Stockton-Modesto, CA",38.076,-121.9775,4,3
862,"Sacramento-Stockton-Modesto, CA",38.0718,-121.9728,4,4
862,"Sacramento-Stockton-Modesto, CA",38.071,-121.9762,4,5
862,"Sacramento-Stockton-Modesto, CA",38.0502,-121.9142,5,1
862,"Sacramento-Stockton-Modesto, CA",38.0708,-121.9156,5,2
862,"Sacramento-Stockton-Modesto, CA",38.0529,-121.893,5,3
862,"Sacramento-Stockton-Modesto, CA",38.0504,-121.8981,5,4
862,"Sacramento-Stockton-Modesto, CA",38.0502,-121.9142,5,5
862,"Sacramento-Stockton-Modesto, CA",37.1316,-121.2231,6,1
862,"Sacramento-Stockton-Modesto, CA",37.1305,-121.2227,6,2
862,"Sacramento-Stockton-Modesto, CA",37.1311,-121.2232,6,3
862,"Sacramento-Stockton-Modesto, CA",37.1316,-121.2231,6,4
866,"Fresno-Visalia, CA",35.9088,-120.3243,1,1
866,"Fresno-Visalia, CA",36.1381,-120.6676,1,2
866,"Fresno-Visalia, CA",36.4882,-120.5972,1,3
866,"Fresno-Visalia, CA",36.9104,-121.2217,1,4
866,"Fresno-Visalia, CA",37.0891,-121.2455,1,5
866,"Fresno-Visalia, CA",37.3458,-120.9642,1,6
866,"Fresno-Visalia, CA",37.3994,-120.9844,1,7
866,"Fresno-Visalia, CA",37.6335,-120.3877,1,8
866,"Fresno-Visalia, CA",37.6836,-120.3919,1,9
866,"Fresno-Visalia, CA",37.6537,-120.3126,1,10
866,"Fresno-Visalia, CA",37.727,-120.3429,1,11
866,"Fresno-Visalia, CA",37.8287,-120.0789,1,12
866,"Fresno-Visalia, CA",37.7549,-119.8085,1,13
866,"Fresno-Visalia, CA",37.9041,-119.5357,1,14
866,"Fresno-Visalia, CA",37.7246,-119.2579,1,15
866,"Fresno-Visalia, CA",37.7338,-119.1241,1,16
866,"Fresno-Visalia, CA",37.5834,-119.0205,1,17
866,"Fresno-Visalia, CA",37.4884,-118.7958,1,18
866,"Fresno-Visalia, CA",37.1553,-118.6677,1,19
866,"Fresno-Visalia, CA",37.0598,-118.4371,1,20
866,"Fresno-Visalia, CA",36.6912,-118.3664,1,21
866,"Fresno-Visalia, CA",36.3461,-118.1003,1,22
866,"Fresno-Visalia, CA",35.8675,-117.9808,1,23
866,"Fresno-Visalia, CA",35.7892,-118.008,1,24
866,"Fresno-Visalia, CA",35.7893,-120.214,1,25
866,"Fresno-Visalia, CA",35.9088,-120.3243,1,26
868,"Chico-Redding, CA",40.0019,-123.5445,1,1
868,"Chico-Redding, CA",40.7336,-123.543,1,2
868,"Chico-Redding, CA",40.9288,-123.6236,1,3
868,"Chico-Redding, CA",40.9438,-123.448,1,4
868,"Chico-Redding, CA",41.1799,-123.4083,1,5
868,"Chico-Redding, CA",40.9922,-122.9387,1,6
868,"Chico-Redding, CA",41.0285,-122.8974,1,7
868,"Chico-Redding, CA",41.1815,-122.9613,1,8
868,"Chico-Redding, CA",41.203,-122.8021,1,9
868,"Chico-Redding, CA",41.368,-122.5723,1,10
868,"Chico-Redding, CA",41.3201,-122.4788,1,11
868,"Chico-Redding, CA",41.1827,-122.4984,1,12
868,"Chico-Redding, CA",41.1839,-121.3318,1,13
868,"Chico-Redding, CA",40.4454,-121.3278,1,14
868,"Chico-Redding, CA",40.4456,-121.4976,1,15
868,"Chico-Redding, CA",40.3525,-121.4731,1,16
868,"Chico-Redding, CA",40.3098,-121.3423,1,17
868,"Chico-Redding, CA",40.1907,-121.4441,1,18
868,"Chico-Redding, CA",40.0861,-121.3668,1,19
868,"Chico-Redding, CA",39.9003,-121.43,1,20
868,"Chico-Redding, CA",39.5973,-121.0767,1,21
868,"Chico-Redding, CA",39.5195,-121.1591,1,22
868,"Chico-Redding, CA",39.5196,-121.3051,1,23
868,"Chico-Redding, CA",39.3401,-121.4065,1,24
868,"Chico-Redding, CA",39.3039,-121.9083,1,25
868,"Chico-Redding, CA",39.3831,-121.889,1,26
868,"Chico-Redding, CA",39.4136,-122.0089,1,27
868,"Chico-Redding, CA",39.3833,-122.7391,1,28
868,"Chico-Redding, CA",39.5807,-122.7356,1,29
868,"Chico-Redding, CA",39.5801,-122.8854,1,30
868,"Chico-Redding, CA",39.9781,-122.934,1,31
868,"Chico-Redding, CA",40.0019,-123.5445,1,32
