month,ius_dma_cd,ius_dma_name_state,average_inventory
2025-01-01,803,"Los Angeles, CA",1390.0
2025-01-01,807,"San Francisco-Oakland-San Jose, CA",209.0
2025-01-01,862,"Sacramento-Stockton-Modesto, CA",109.0
2025-01-01,804,"Palm Springs, CA",104.0
2025-01-01,825,"San Diego, CA",83.0
2025-01-01,866,"Fresno-Visalia, CA",35.0
2025-01-01,800,"Bakersfield, CA",1.0
2025-01-01,771,"Yuma, AZ-El Centro, CA",1.0
2025-02-01,803,"Los Angeles, CA",1281.0
2025-02-01,807,"San Francisco-Oakland-San Jose, CA",193.0
2025-02-01,862,"Sacramento-Stockton-Modesto, CA",104.0
2025-02-01,804,"Palm Springs, CA",100.0
2025-02-01,825,"San Diego, CA",81.0
2025-02-01,866,"Fresno-Visalia, CA",30.0
2025-02-01,800,"Bakersfield, CA",1.0
2025-02-01,771,"Yuma, AZ-El Centro, CA",1.0
2025-03-01,803,"Los Angeles, CA",1321.0
2025-03-01,807,"San Francisco-Oakland-San Jose, CA",208.0
2025-03-01,862,"Sacramento-Stockton-Modesto, CA",99.0
2025-03-01,804,"Palm Springs, CA",94.0
2025-03-01,825,"San Diego, CA",76.0
2025-03-01,866,"Fresno-Visalia, CA",34.0
2025-03-01,800,"Bakersfield, CA",1.0
2025-03-01,771,"Yuma, AZ-El Centro, CA",1.0
2025-04-01,803,"Los Angeles, CA",1210.0
2025-04-01,807,"San Francisco-Oakland-San Jose, CA",186.0
2025-04-01,804,"Palm Springs, CA",99.0
2025-04-01,862,"Sacramento-Stockton-Modesto, CA",72.0
2025-04-01,825,"San Diego, CA",58.0
2025-04-01,866,"Fresno-Visalia, CA",42.0
2025-04-01,800,"Bakersfield, CA",1.0
2025-05-01,803,"Los Angeles, CA",1270.0
2025-05-01,807,"San Francisco-Oakland-San Jose, CA",229.0
2025-05-01,804,"Palm Springs, CA",127.0
2025-05-01,862,"Sacramento-Stockton-Modesto, CA",83.0
2025-05-01,825,"San Diego, CA",75.0
2025-05-01,866,"Fresno-Visalia, CA",42.0
2025-05-01,800,"Bakersfield, CA",1.0
2025-06-01,803,"Los Angeles, CA",1480.0
2025-06-01,807,"San Francisco-Oakland-San Jose, CA",290.0
2025-06-01,804,"Palm Springs, CA",137.0
2025-06-01,862,"Sacramento-Stockton-Modesto, CA",94.0
2025-06-01,825,"San Diego, CA",94.0
2025-06-01,866,"Fresno-Visalia, CA",41.0
2025-06-01,800,"Bakersfield, CA",1.0
2025-07-01,803,"Los Angeles, CA",1462.0
2025-07-01,807,"San Francisco-Oakland-San Jose, CA",288.0
2025-07-01,804,"Palm Springs, CA",138.0
2025-07-01,862,"Sacramento-Stockton-Modesto, CA",89.0
2025-07-01,825,"San Diego, CA",88.0
2025-07-01,866,"Fresno-Visalia, CA",40.0
2025-07-01,800,"Bakersfield, CA",1.0
2025-08-01,803,"Los Angeles, CA",1561.0
2025-08-01,807,"San Francisco-Oakland-San Jose, CA",310.0
2025-08-01,804,"Palm Springs, CA",144.0
2025-08-01,825,"San Diego, CA",85.0
2025-08-01,862,"Sacramento-Stockton-Modesto, CA",70.0
2025-08-01,866,"Fresno-Visalia, CA",39.0
2025-08-01,800,"Bakersfield, CA",1.0
2025-09-01,803,"Los Angeles, CA",1616.0
2025-09-01,807,"San Francisco-Oakland-San Jose, CA",299.0
2025-09-01,804,"Palm Springs, CA",157.0
2025-09-01,825,"San Diego, CA",92.0
2025-09-01,862,"Sacramento-Stockton-Modesto, CA",55.0
2025-09-01,866,"Fresno-Visalia, CA",35.0
2025-09-01,800,"Bakersfield, CA",1.0
2025-10-01,803,"Los Angeles, CA",1602.0
2025-10-01,807,"San Francisco-Oakland-San Jose, CA",300.0
2025-10-01,804,"Palm Springs, CA",150.0
2025-10-01,825,"San Diego, CA",94.0
2025-10-01,862,"Sacramento-Stockton-Modesto, CA",52.0
2025-10-01,866,"Fresno-Visalia, CA",36.0
2025-11-01,803,"Los Angeles, CA",1433.0
2025-11-01,807,"San Francisco-Oakland-San Jose, CA",321.0
2025-11-01,804,"Palm Springs, CA",115.0
2025-11-01,825,"San Diego, CA",82.0
2025-11-01,862,"Sacramento-Stockton-Modesto, CA",44.0
2025-11-01,866,"Fresno-Visalia, CA",32.0
2025-12-01,803,"Los Angeles, CA",1280.0
2025-12-01,807,"San Francisco-Oakland-San Jose, CA",320.0
2025-12-01,804,"Palm Springs, CA",91.0
2025-12-01,825,"San Diego, CA",69.0
2025-12-01,866,"Fresno-Visalia, CA",29.0
2025-12-01,862,"Sacramento-Stockton-Modesto, CA",24.0
2026-01-01,803,"Los Angeles, CA",1171.0
2026-01-01,807,"San Francisco-Oakland-San Jose, CA",272.0
2026-01-01,825,"San Diego, CA",90.0
2026-01-01,804,"Palm Springs, CA",79.0
2026-01-01,866,"Fresno-Visalia, CA",32.0
2026-01-01,862,"Sacramento-Stockton-Modesto, CA",18.0
2026-02-01,803,"Los Angeles, CA",1395.0
2026-02-01,807,"San Francisco-Oakland-San Jose, CA",287.0
2026-02-01,825,"San Diego, CA",114.0
2026-02-01,804,"Palm Springs, CA",86.0
2026-02-01,866,"Fresno-Visalia, CA",31.0
2026-02-01,862,"Sacramento-Stockton-Modesto, CA",1.0
2026-03-01,803,"Los Angeles, CA",1573.0
2026-03-01,807,"San Francisco-Oakland-San Jose, CA",224.0
2026-03-01,804,"Palm Springs, CA",107.0
2026-03-01,825,"San Diego, CA",87.0
2026-03-01,866,"Fresno-Visalia, CA",35.0
2026-04-01,803,"Los Angeles, CA",1467.0
2026-04-01,804,"Palm Springs, CA",112.0
2026-04-01,825,"San Diego, CA",100.0
2026-04-01,807,"San Francisco-Oakland-San Jose, CA",66.0
2026-04-01,866,"Fresno-Visalia, CA",34.0
2026-05-01,803,"Los Angeles, CA",1677.0
2026-05-01,807,"San Francisco-Oakland-San Jose, CA",429.0
2026-05-01,825,"San Diego, CA",170.0
2026-05-01,804,"Palm Springs, CA",109.0
2026-05-01,866,"Fresno-Visalia, CA",29.0
2026-06-01,803,"Los Angeles, CA",1771.0
2026-06-01,807,"San Francisco-Oakland-San Jose, CA",476.0
2026-06-01,825,"San Diego, CA",184.0
2026-06-01,804,"Palm Springs, CA",100.0
2026-06-01,866,"Fresno-Visalia, CA",34.0
2026-07-01,803,"Los Angeles, CA",1744.0
2026-07-01,807,"San Francisco-Oakland-San Jose, CA",495.0
2026-07-01,825,"San Diego, CA",181.0
2026-07-01,804,"Palm Springs, CA",101.0
2026-07-01,866,"Fresno-Visalia, CA",33.0
2026-08-01,803,"Los Angeles, CA",1631.0
2026-08-01,807,"San Francisco-Oakland-San Jose, CA",536.0
2026-08-01,825,"San Diego, CA",181.0
2026-08-01,804,"Palm Springs, CA",94.0
2026-08-01,866,"Fresno-Visalia, CA",30.0
2026-09-01,803,"Los Angeles, CA",1345.0
2026-09-01,807,"San Francisco-Oakland-San Jose, CA",513.0
2026-09-01,825,"San Diego, CA",175.0
2026-09-01,804,"Palm Springs, CA",102.0
2026-09-01,866,"Fresno-Visalia, CA",34.0
