model_family,srs_segment,average_inventory,retail_sales
tucson,Sub-Compact SUV,964668.0,333607.0
santa_fe,Compact SUV,800110.0,203235.0
elantra,Compact Car,719333.0,208457.0
palisade,Midsize SUV,658929.0,187560.0
kona,Entry CUV,305879.0,91145.0
sonata,Midsize Car,288439.0,68311.0
santa_cruz,Sub-Compact SUV,169816.0,38015.0
ioniq_5,Mainstream EV SUV,165682.0,73883.0
venue,Entry CUV,127876.0,37262.0
ioniq_9,Mainstream EV SUV,56789.0,10893.0
ioniq_6,Mainstream EV Car,42221.0,11731.0
kona_ev,Mainstream EV SUV,0.0,2943.0
nexo,Mainstream EV SUV,0.0,4.0
santa_fe,Midsize SUV,0.0,1.0
ioniq,Compact Car,0.0,0.0
