date_month,geo_level,region_code,region_name,brand,inventory_share,retail_share,inventory_retail_ratio
2025-01-01,Region,CE,Central,Honda,0.06094039127615493,0.1260704704911267,0.48338354762025043
2025-01-01,Region,CE,Central,Hyundai,0.0865995033924307,0.07284358233594718,1.188841907761244
2025-01-01,Region,CE,Central,Kia,0.07587973872748265,0.08517333883615352,0.8908860420917769
2025-01-01,Region,CE,Central,Nissan,0.07910926948077622,0.04649453157243087,1.7014747069241234
2025-01-01,Region,CE,Central,Toyota,0.06979076056872638,0.10072740404457284,0.6928676583171279
2025-01-01,Region,EA,Eastern,Honda,0.08972024719250449,0.16285806939790293,0.5509106642624845
2025-01-01,Region,EA,Eastern,Hyundai,0.10172636055551863,0.0872986704140093,1.165268154407012
2025-01-01,Region,EA,Eastern,Kia,0.06356036945976477,0.07724570316722516,0.8228337221834368
2025-01-01,Region,EA,Eastern,Nissan,0.10894012891222007,0.07487839152524052,1.4548940848375167
2025-01-01,Region,EA,Eastern,Toyota,0.10580104990364808,0.14079558966598205,0.7514514492580794
2025-01-01,Region,MA,Mid-Atlantic,Honda,0.07911038458229373,0.16092062711575922,0.49161121231142857
2025-01-01,Region,MA,Mid-Atlantic,Hyundai,0.11023162885848939,0.094615806494317,1.1650445411054053
2025-01-01,Region,MA,Mid-Atlantic,Kia,0.07628074603038038,0.08716455169544414,0.8751349550549844
2025-01-01,Region,MA,Mid-Atlantic,Nissan,0.09745523722121846,0.056621971745749566,1.7211558378578387
2025-01-01,Region,MA,Mid-Atlantic,Toyota,0.12095270870974217,0.16753976208937724,0.7219343468162362
2025-01-01,Region,MS,Mountain States,Honda,0.0666003564175888,0.1205306445507416,0.5525595309460993
2025-01-01,Region,MS,Mountain States,Hyundai,0.09480523666772579,0.07940741250559206,1.1939091537713733
2025-01-01,Region,MS,Mountain States,Kia,0.0715321811927556,0.07754912419560205,0.9224112062481852
2025-01-01,Region,MS,Mountain States,Nissan,0.07776718655743894,0.04951994218658591,1.57042159428257
2025-01-01,Region,MS,Mountain States,Toyota,0.11377733570945059,0.16733197976530506,0.6799497374562313
2025-01-01,Region,SC,South Central,Honda,0.06941604653184325,0.12553442136891288,0.5529642449846295
2025-01-01,Region,SC,South Central,Hyundai,0.11086461093075024,0.09179472924856716,1.207744843721305
2025-01-01,Region,SC,South Central,Kia,0.07987739660535237,0.09376695919204754,0.8518714619053877
2025-01-01,Region,SC,South Central,Nissan,0.13419478217488748,0.07830679426597308,1.7137054764250463
2025-01-01,Region,SC,South Central,Toyota,0.08093940504850847,0.153291241445949,0.5280106305163428
2025-01-01,Region,SO,Southern,Honda,0.08524371868101062,0.14487463755756438,0.588396424095556
2025-01-01,Region,SO,Southern,Hyundai,0.1361740897781827,0.11872192847802604,1.147000318508024
2025-01-01,Region,SO,Southern,Kia,0.070739741388373,0.11318437659901075,0.624995635563639
2025-01-01,Region,SO,Southern,Nissan,0.13621614044924132,0.0755585877537097,1.8027883328530516
2025-01-01,Region,SO,Southern,Toyota,0.1411325647405123,0.18411507191994997,0.7665454178671167
2025-01-01,Region,WE,Western,Honda,0.1358720329344813,0.2116109807230822,0.6420840377479551
2025-01-01,Region,WE,Western,Hyundai,0.11923181706141053,0.09415627225020437,1.266318368515824
2025-01-01,Region,WE,Western,Kia,0.0757242256115755,0.09232351467524591,0.8202051869227519
2025-01-01,Region,WE,Western,Nissan,0.09043144343494186,0.05738245299438306,1.575942447838433
2025-01-01,Region,WE,Western,Toyota,0.18171478981348949,0.21954853511247066,0.8276747996537547
2025-01-01,National,NTL,National,Honda,0.08323776089433697,0.1511000678354347,0.550878382033504
2025-01-01,National,NTL,National,Hyundai,0.10793202996913084,0.09196986031281168,1.1735587028405607
2025-01-01,National,NTL,National,Kia,0.0727533020518907,0.09013849574443145,0.8071279806817193
2025-01-01,National,NTL,National,Nissan,0.1045098436541918,0.0640247359126172,1.6323354116888484
2025-01-01,National,NTL,National,Toyota,0.11347321383927514,0.16111972665971017,0.7042788378044736
2025-02-01,Region,CE,Central,Honda,0.062385355270631396,0.1382498235709245,0.45125088523984014
2025-02-01,Region,CE,Central,Hyundai,0.08470441446222893,0.07517054810632792,1.1268298102923962
2025-02-01,Region,CE,Central,Kia,0.07539627115592924,0.08613267466478476,0.875350399245815
2025-02-01,Region,CE,Central,Nissan,0.07384129289769112,0.04617737003058104,1.5990796541420527
2025-02-01,Region,CE,Central,Toyota,0.08341946236859503,0.10403434486003293,0.8018454144237365
2025-02-01,Region,EA,Eastern,Honda,0.08834890406036651,0.16360638384496376,0.5400089042007521
2025-02-01,Region,EA,Eastern,Hyundai,0.10596108727357274,0.09588999267160654,1.1050275875654363
2025-02-01,Region,EA,Eastern,Kia,0.06209708101709962,0.07605243872648806,0.8165034817676665
2025-02-01,Region,EA,Eastern,Nissan,0.09946418380503477,0.07721276768992753,1.2881831176479115
2025-02-01,Region,EA,Eastern,Toyota,0.12996977447105323,0.1396771435550851,0.9305013774125219
2025-02-01,Region,MA,Mid-Atlantic,Honda,0.0764485213707947,0.16243267876377496,0.47064742115084746
2025-02-01,Region,MA,Mid-Atlantic,Hyundai,0.11136899515967534,0.09995857154693844,1.114151527339292
2025-02-01,Region,MA,Mid-Atlantic,Kia,0.0793554847015287,0.09051288424890215,0.8767313665898478
2025-02-01,Region,MA,Mid-Atlantic,Nissan,0.09074801242150045,0.05576269782086337,1.6273963772883937
2025-02-01,Region,MA,Mid-Atlantic,Toyota,0.14296722514200286,0.1752754992128594,0.8156714759567139
2025-02-01,Region,MS,Mountain States,Honda,0.065447057682302,0.11804587935429058,0.5544205188719551
2025-02-01,Region,MS,Mountain States,Hyundai,0.09474236531830649,0.08316057774001699,1.1392701673441636
2025-02-01,Region,MS,Mountain States,Kia,0.0692699101387162,0.0789124893797791,0.8778066777914402
2025-02-01,Region,MS,Mountain States,Nissan,0.07047364568727568,0.05379779099405268,1.3099728517675848
2025-02-01,Region,MS,Mountain States,Toyota,0.13076624602061782,0.16479184367034835,0.7935237758623797
2025-02-01,Region,SC,South Central,Honda,0.06728989702462868,0.12714372303633187,0.5292427767385756
2025-02-01,Region,SC,South Central,Hyundai,0.1109148053104775,0.09544692837023568,1.1620573569454473
2025-02-01,Region,SC,South Central,Kia,0.08418355241304039,0.0958510119917757,0.8782750506615786
2025-02-01,Region,SC,South Central,Nissan,0.12260676257259563,0.08138719530312213,1.506462559816117
2025-02-01,Region,SC,South Central,Toyota,0.09747069710055521,0.1571172199046838,0.6203692832630723
2025-02-01,Region,SO,Southern,Honda,0.0798307013896935,0.14036874704199848,0.5687213362801342
2025-02-01,Region,SO,Southern,Hyundai,0.13362594821534457,0.11940037450871453,1.1191417846481861
2025-02-01,Region,SO,Southern,Kia,0.0776599442486863,0.11441035454863469,0.6787842285347857
2025-02-01,Region,SO,Southern,Nissan,0.12409438193057666,0.0802724448011194,1.545915067592985
2025-02-01,Region,SO,Southern,Toyota,0.15863906817608692,0.19398316768524806,0.8177981113984614
2025-02-01,Region,WE,Western,Honda,0.129789270029376,0.20738100487494182,0.625849364109522
2025-02-01,Region,WE,Western,Hyundai,0.11198816602663479,0.0913990348105142,1.225266396508512
2025-02-01,Region,WE,Western,Kia,0.07728437054711233,0.09406922907327112,0.821569085964498
2025-02-01,Region,WE,Western,Nissan,0.0825453071526173,0.05796036353837486,1.4241682093309345
2025-02-01,Region,WE,Western,Toyota,0.22087994283589138,0.23795350432375492,0.92824832928439
2025-02-01,National,NTL,National,Honda,0.08092162591624379,0.15182689586870401,0.5329861053487039
2025-02-01,National,NTL,National,Hyundai,0.10734327746168434,0.09521080928126768,1.1274274241759195
2025-02-01,National,NTL,National,Kia,0.07434978727766672,0.09154994340690435,0.8121227005811512
2025-02-01,National,NTL,National,Nissan,0.09577323286688195,0.06618739388794567,1.4470011166933796
2025-02-01,National,NTL,National,Toyota,0.13471884771131273,0.16685059422750426,0.8074220432659699
2025-03-01,Region,CE,Central,Honda,0.06779093282577527,0.14038825757575757,0.4828817879529085
2025-03-01,Region,CE,Central,Hyundai,0.0934422329215685,0.08254963427377221,1.131952112733431
2025-03-01,Region,CE,Central,Kia,0.07514447247979264,0.0895865987460815,0.8387914434923163
2025-03-01,Region,CE,Central,Nissan,0.07263068263638014,0.04827912748171369,1.5043909537074776
2025-03-01,Region,CE,Central,Toyota,0.09033051797218866,0.094035723615465,0.9605978930047071
2025-03-01,Region,EA,Eastern,Honda,0.09365974048368324,0.16452237770324968,0.5692826823389221
2025-03-01,Region,EA,Eastern,Hyundai,0.10816862094236324,0.10263675263097027,1.0538975383533689
2025-03-01,Region,EA,Eastern,Kia,0.061837198775703754,0.07511275586908754,0.8232582876266519
2025-03-01,Region,EA,Eastern,Nissan,0.09523321981290685,0.07328408696657801,1.2995074886631115
2025-03-01,Region,EA,Eastern,Toyota,0.1416185282579644,0.13318925638949924,1.0632879264962225
2025-03-01,Region,MA,Mid-Atlantic,Honda,0.08365198115821557,0.16991746592931453,0.4923094909678955
2025-03-01,Region,MA,Mid-Atlantic,Hyundai,0.11128659831901727,0.10854842755276328,1.025225337925075
2025-03-01,Region,MA,Mid-Atlantic,Kia,0.07856285212893692,0.08798060270176654,0.8929565121899248
2025-03-01,Region,MA,Mid-Atlantic,Nissan,0.09000646531818601,0.05580306486867408,1.6129304999645737
2025-03-01,Region,MA,Mid-Atlantic,Toyota,0.15090052646162372,0.16144906417591343,0.9346633703444938
2025-03-01,Region,MS,Mountain States,Honda,0.07060836001579017,0.12276184486870677,0.5751653544414023
2025-03-01,Region,MS,Mountain States,Hyundai,0.09654370805737093,0.09274179194798106,1.040994637148292
2025-03-01,Region,MS,Mountain States,Kia,0.06868283696653361,0.0782538533645004,0.8776927143333667
2025-03-01,Region,MS,Mountain States,Nissan,0.06727926663450151,0.046964177652265744,1.4325656276290761
2025-03-01,Region,MS,Mountain States,Toyota,0.144787052063687,0.1587265802057501,0.9121789928064101
2025-03-01,Region,SC,South Central,Honda,0.06914416587168026,0.1258939811962607,0.5492253498909445
2025-03-01,Region,SC,South Central,Hyundai,0.11577503135283462,0.10451879034634237,1.1076958599424334
2025-03-01,Region,SC,South Central,Kia,0.08288581851442944,0.09542942347699533,0.8685562114331571
2025-03-01,Region,SC,South Central,Nissan,0.11980891742503011,0.0873489941874481,1.3716118718885768
2025-03-01,Region,SC,South Central,Toyota,0.11031195623823152,0.15267100599112493,0.7225468616132926
2025-03-01,Region,SO,Southern,Honda,0.08249012853902378,0.14304182758394973,0.5766853649196505
2025-03-01,Region,SO,Southern,Hyundai,0.14190708224817272,0.12937749558159325,1.0968451786012317
2025-03-01,Region,SO,Southern,Kia,0.07961354280433504,0.11464129082935132,0.6944578365123554
2025-03-01,Region,SO,Southern,Nissan,0.11805091153490717,0.0806113765791713,1.464444803506924
2025-03-01,Region,SO,Southern,Toyota,0.15907922372511132,0.1895414675656215,0.8392845416269461
2025-03-01,Region,WE,Western,Honda,0.13113106700884403,0.21043650946670267,0.6231383866856662
2025-03-01,Region,WE,Western,Hyundai,0.10758168416922566,0.09905332973431535,1.086098614330133
2025-03-01,Region,WE,Western,Kia,0.08687888602851389,0.09189064126788261,0.9454595683497485
2025-03-01,Region,WE,Western,Nissan,0.07572075444503609,0.057070142289746655,1.3268015709615681
2025-03-01,Region,WE,Western,Toyota,0.24702029442734003,0.23394902248100877,1.0558723084529764
2025-03-01,National,NTL,National,Honda,0.08524537199588045,0.15381164457253896,0.5542192350441839
2025-03-01,National,NTL,National,Hyundai,0.11089119304587823,0.1030379697311537,1.0762167901329494
2025-03-01,National,NTL,National,Kia,0.07552945529001752,0.09071264157956169,0.8326232592815921
2025-03-01,National,NTL,National,Nissan,0.09221101059088938,0.06551685913444924,1.4074394256547038
2025-03-01,National,NTL,National,Toyota,0.14626057470977355,0.15828480884721471,0.9240341873297038
2025-04-01,Region,CE,Central,Honda,0.06563612594570538,0.14127922142169694,0.4645844256869986
2025-04-01,Region,CE,Central,Hyundai,0.09627767578994215,0.07778587297732445,1.2377270075506934
2025-04-01,Region,CE,Central,Kia,0.07883080218068536,0.08921809367045343,0.8835741601010239
2025-04-01,Region,CE,Central,Nissan,0.07097657988429017,0.04101567770312205,1.7304743907446771
2025-04-01,Region,CE,Central,Toyota,0.08992545616377393,0.10847567392536225,0.828991910441119
2025-04-01,Region,EA,Eastern,Honda,0.0924838923125242,0.16727313985622938,0.5528914707526489
2025-04-01,Region,EA,Eastern,Hyundai,0.10897426124183943,0.0944558355147458,1.1537059690168863
2025-04-01,Region,EA,Eastern,Kia,0.06208587310831867,0.07615628368357498,0.81524294654768
2025-04-01,Region,EA,Eastern,Nissan,0.09489280345419562,0.06618797157004969,1.433686532510916
2025-04-01,Region,EA,Eastern,Toyota,0.14826695614257096,0.14200387386438232,1.0441050100095866
2025-04-01,Region,MA,Mid-Atlantic,Honda,0.08318150213917042,0.17128159787806937,0.4856417920527868
2025-04-01,Region,MA,Mid-Atlantic,Hyundai,0.1141855165728612,0.10326997012686037,1.1056991343426534
2025-04-01,Region,MA,Mid-Atlantic,Kia,0.08097381736610519,0.08787793540435906,0.9214351360613394
2025-04-01,Region,MA,Mid-Atlantic,Nissan,0.0904287983597156,0.05302147383086177,1.7055127258096032
2025-04-01,Region,MA,Mid-Atlantic,Toyota,0.15573059140576231,0.17810017548795026,0.8743988655771908
2025-04-01,Region,MS,Mountain States,Honda,0.06909120557103599,0.12593404272172787,0.5486300930059432
2025-04-01,Region,MS,Mountain States,Hyundai,0.09488890061244946,0.08721252607398411,1.088019174355222
2025-04-01,Region,MS,Mountain States,Kia,0.07052521018478997,0.07568716499881181,0.9317988087662832
2025-04-01,Region,MS,Mountain States,Nissan,0.06948447773935647,0.05074855437910913,1.3691912723322828
2025-04-01,Region,MS,Mountain States,Toyota,0.1487767796764617,0.17035883082935072,0.873314162536676
2025-04-01,Region,SC,South Central,Honda,0.07152837366826387,0.13215728786833547,0.5412366947142979
2025-04-01,Region,SC,South Central,Hyundai,0.12199196591970476,0.10142899379126835,1.2027326838197088
2025-04-01,Region,SC,South Central,Kia,0.0799497300457897,0.09613678919877797,0.8316247163245803
2025-04-01,Region,SC,South Central,Nissan,0.12083013767285043,0.07654479156400906,1.5785546632759282
2025-04-01,Region,SC,South Central,Toyota,0.1143793331257736,0.16602936828619297,0.6889102470631119
2025-04-01,Region,SO,Southern,Honda,0.0844572896596018,0.14375641888302582,0.5875027377269634
2025-04-01,Region,SO,Southern,Hyundai,0.14850339127795775,0.12443779438325601,1.1933945953797773
2025-04-01,Region,SO,Southern,Kia,0.080744881322916,0.11521231008959876,0.7008355379743885
2025-04-01,Region,SO,Southern,Nissan,0.11729728203716643,0.07233417147713993,1.62160262075078
2025-04-01,Region,SO,Southern,Toyota,0.15833492134070168,0.2028721181428622,0.7804666446534683
2025-04-01,Region,WE,Western,Honda,0.1310561775487962,0.20811773687335652,0.6297213275413729
2025-04-01,Region,WE,Western,Hyundai,0.11207024670563757,0.09471753329374841,1.1832048704021148
2025-04-01,Region,WE,Western,Kia,0.09565623039069983,0.09382687250827042,1.0194971635899743
2025-04-01,Region,WE,Western,Nissan,0.07475065226724793,0.05624946984477055,1.3289130097320805
2025-04-01,Region,WE,Western,Toyota,0.24696159054129926,0.25252353889218765,0.9779745350659647
2025-04-01,National,NTL,National,Honda,0.08536679014084896,0.15561206470297378,0.5485872210730816
2025-04-01,National,NTL,National,Hyundai,0.11439841555277486,0.097879032943968,1.1687734554780855
2025-04-01,National,NTL,National,Kia,0.07778762993102573,0.0911440651700392,0.8534579819970112
2025-04-01,National,NTL,National,Nissan,0.09226587554796847,0.06021539787773554,1.5322638195517677
2025-04-01,National,NTL,National,Toyota,0.14972087100400808,0.172061704529237,0.8701580134501531
2025-05-01,Region,CE,Central,Honda,0.06565282034609105,0.1403491858436087,0.46778198214308186
2025-05-01,Region,CE,Central,Hyundai,0.10142359804634274,0.08128066944961293,1.2478194229098556
2025-05-01,Region,CE,Central,Kia,0.0861245767015047,0.0940160228291573,0.9160627530267614
2025-05-01,Region,CE,Central,Nissan,0.07261190240481036,0.052686378667078,1.3781911803739733
2025-05-01,Region,CE,Central,Toyota,0.09576500586316362,0.1110993280438073,0.8619764633086058
2025-05-01,Region,EA,Eastern,Honda,0.09356574040060021,0.1596963387570796,0.5858978429237928
2025-05-01,Region,EA,Eastern,Hyundai,0.10925913242719898,0.10152601770214807,1.0761687979108758
2025-05-01,Region,EA,Eastern,Kia,0.06582756881619337,0.07834014514733226,0.8402788722486176
2025-05-01,Region,EA,Eastern,Nissan,0.094225728321576,0.08185315614048616,1.151155713041224
2025-05-01,Region,EA,Eastern,Toyota,0.1564202504218319,0.15432400243340275,1.0135834216024417
2025-05-01,Region,MA,Mid-Atlantic,Honda,0.08388661043617324,0.16340175795905243,0.5133764255901994
2025-05-01,Region,MA,Mid-Atlantic,Hyundai,0.11385385230467641,0.10586611641119091,1.0754512979626136
2025-05-01,Region,MA,Mid-Atlantic,Kia,0.08785885630271609,0.0882463286525887,0.9956091958069097
2025-05-01,Region,MA,Mid-Atlantic,Nissan,0.0933838891898166,0.066057455247079,1.4136767582179297
2025-05-01,Region,MA,Mid-Atlantic,Toyota,0.16282081044133198,0.18697073641333475,0.8708357979688612
2025-05-01,Region,MS,Mountain States,Honda,0.07218981053604437,0.12213761404953008,0.5910530600898218
2025-05-01,Region,MS,Mountain States,Hyundai,0.10655903419593346,0.0886876586403238,1.201509159556097
2025-05-01,Region,MS,Mountain States,Kia,0.07720078558225509,0.08078479796940385,0.9556350640561586
2025-05-01,Region,MS,Mountain States,Nissan,0.0675591112138016,0.058750085751526376,1.1499406400789187
2025-05-01,Region,MS,Mountain States,Toyota,0.1447117606284658,0.1844549632983467,0.7845370926365465
2025-05-01,Region,SC,South Central,Honda,0.07517256001319231,0.12966666666666668,0.579736966682717
2025-05-01,Region,SC,South Central,Hyundai,0.12415683133485673,0.1036095238095238,1.1983148534019632
2025-05-01,Region,SC,South Central,Kia,0.08010789417889704,0.09538095238095239,0.8398730792595296
2025-05-01,Region,SC,South Central,Nissan,0.12943375187479877,0.08717142857142857,1.484818523637482
2025-05-01,Region,SC,South Central,Toyota,0.10615091050436995,0.17066666666666666,0.6219779912365427
2025-05-01,Region,SO,Southern,Honda,0.08851475603006552,0.14297902411279065,0.6190751166425618
2025-05-01,Region,SO,Southern,Hyundai,0.15092749638463873,0.12825109016011996,1.1768125806666248
2025-05-01,Region,SO,Southern,Kia,0.09000017853635893,0.11862493321153415,0.7586952936434448
2025-05-01,Region,SO,Southern,Nissan,0.12389352091553445,0.0828694048501353,1.4950453806153063
2025-05-01,Region,SO,Southern,Toyota,0.14332541822142078,0.20405384443027283,0.7023901883426482
2025-05-01,Region,WE,Western,Honda,0.13798619662874634,0.20885665667287903,0.660674162015658
2025-05-01,Region,WE,Western,Hyundai,0.1355232887343742,0.09169637792723442,1.4779568375309062
2025-05-01,Region,WE,Western,Kia,0.10312931850309051,0.0907645247548821,1.1362293669426538
2025-05-01,Region,WE,Western,Nissan,0.07503553793947265,0.06097560975609756,1.2305828222073516
2025-05-01,Region,WE,Western,Toyota,0.22800112454315435,0.25975407179320964,0.8777576534956733
2025-05-01,National,NTL,National,Honda,0.0886107881509951,0.15285167343057265,0.5797174879556902
2025-05-01,National,NTL,National,Hyundai,0.12062868655702343,0.10099909992307905,1.1943540749263535
2025-05-01,National,NTL,National,Kia,0.08377572951925222,0.09322121389695501,0.8986766640032852
2025-05-01,National,NTL,National,Nissan,0.09467969768690795,0.07127765846224984,1.3283222222718263
2025-05-01,National,NTL,National,Toyota,0.14734511835662945,0.18056211912132716,0.8160356063257219
2025-06-01,Region,CE,Central,Honda,0.06764775263568563,0.13450971632789815,0.502920937479184
2025-06-01,Region,CE,Central,Hyundai,0.09763196574062313,0.07814384632566451,1.2493877679598964
2025-06-01,Region,CE,Central,Kia,0.08998893102759985,0.09212642394460577,0.9767982645425252
2025-06-01,Region,CE,Central,Nissan,0.07180678292111996,0.060051373687737324,1.1957558755360016
2025-06-01,Region,CE,Central,Toyota,0.08692591046834455,0.11246370337279428,0.7729241333997589
2025-06-01,Region,EA,Eastern,Honda,0.09513001711974527,0.15692856498692345,0.6061994967434531
2025-06-01,Region,EA,Eastern,Hyundai,0.10576164877238534,0.09679649688868402,1.0926185571985239
2025-06-01,Region,EA,Eastern,Kia,0.07323713095855583,0.07874986222030722,0.9299969408666492
2025-06-01,Region,EA,Eastern,Nissan,0.0974536252784582,0.09370021142920128,1.0400576881525285
2025-06-01,Region,EA,Eastern,Toyota,0.148159252607688,0.153702015090634,0.9639382575454357
2025-06-01,Region,MA,Mid-Atlantic,Honda,0.08609671980772877,0.1643318367152671,0.523919902124054
2025-06-01,Region,MA,Mid-Atlantic,Hyundai,0.10939782003781881,0.09991908743316781,1.094864083011076
2025-06-01,Region,MA,Mid-Atlantic,Kia,0.09463926084216029,0.0899874664847456,1.0516938029164677
2025-06-01,Region,MA,Mid-Atlantic,Nissan,0.09434716435807955,0.0749948438070156,1.2580486813315235
2025-06-01,Region,MA,Mid-Atlantic,Toyota,0.15428843759128016,0.181307610540845,0.8509760684123189
2025-06-01,Region,MS,Mountain States,Honda,0.07577215937788875,0.12102355808285946,0.6260942958395829
2025-06-01,Region,MS,Mountain States,Hyundai,0.10779259146312409,0.08583265637692933,1.2558459217405427
2025-06-01,Region,MS,Mountain States,Kia,0.08266703515576607,0.0795450852965069,1.0392475518458746
2025-06-01,Region,MS,Mountain States,Nissan,0.06413139813023548,0.0651340373679935,0.9846065240498862
2025-06-01,Region,MS,Mountain States,Toyota,0.13655856594207733,0.16960194963444356,0.8051709678834044
2025-06-01,Region,SC,South Central,Honda,0.07560130792473614,0.12494783030467102,0.605062991013057
2025-06-01,Region,SC,South Central,Hyundai,0.11597941143386874,0.10295195876056083,1.126539143403831
2025-06-01,Region,SC,South Central,Kia,0.07835136319735622,0.0950108851364308,0.8246567020699539
2025-06-01,Region,SC,South Central,Nissan,0.1273597529992669,0.10155324692903793,1.25411798096679
2025-06-01,Region,SC,South Central,Toyota,0.10572779495215524,0.16151737673851985,0.6545908377605573
2025-06-01,Region,SO,Southern,Honda,0.09059447953476725,0.13619073076448576,0.6652029769297003
2025-06-01,Region,SO,Southern,Hyundai,0.14166017418403407,0.12032734301106222,1.1772899711664921
2025-06-01,Region,SO,Southern,Kia,0.09617337711121622,0.11434387465559073,0.8410890168003758
2025-06-01,Region,SO,Southern,Nissan,0.12854072177856923,0.08922770078545873,1.4405921103765265
2025-06-01,Region,SO,Southern,Toyota,0.1434827068087593,0.20880454003372126,0.6871627733074545
2025-06-01,Region,WE,Western,Honda,0.14110191908117184,0.2039623979203319,0.6918035898768287
2025-06-01,Region,WE,Western,Hyundai,0.13226939207372707,0.09321744610456109,1.418933875589788
2025-06-01,Region,WE,Western,Kia,0.10564530350310902,0.0889241918966468,1.1880378246888825
2025-06-01,Region,WE,Western,Nissan,0.07379223627009746,0.06659139248483575,1.1081347531049375
2025-06-01,Region,WE,Western,Toyota,0.22658268610027066,0.2599585116718746,0.8716109530057179
2025-06-01,National,NTL,National,Honda,0.09087527962976799,0.14821225510195224,0.6131428171527159
2025-06-01,National,NTL,National,Hyundai,0.11607107540444683,0.09751477851754758,1.1902921502668447
2025-06-01,National,NTL,National,Kia,0.08814600519485086,0.09200267358790289,0.9580809095795763
2025-06-01,National,NTL,National,Nissan,0.09515158240782656,0.08023888681521862,1.1858537198671542
2025-06-01,National,NTL,National,Toyota,0.14269963038328506,0.17656964783291812,0.8081775782795744
2025-07-01,Region,CE,Central,Honda,0.06611170473907645,0.13097650896596985,0.5047600158304227
2025-07-01,Region,CE,Central,Hyundai,0.09255061079504433,0.08930260389522651,1.0363707972460525
2025-07-01,Region,CE,Central,Kia,0.09177809224015941,0.09191808056826298,0.9984770316434143
2025-07-01,Region,CE,Central,Nissan,0.06578681375805008,0.05474163723049009,1.2017692032310652
2025-07-01,Region,CE,Central,Toyota,0.09560458601669218,0.10024707085915031,0.9536895711498549
2025-07-01,Region,EA,Eastern,Honda,0.09233305118724106,0.1518112648554018,0.6082094848177904
2025-07-01,Region,EA,Eastern,Hyundai,0.09886102077486227,0.10374372958960375,0.9529349018580996
2025-07-01,Region,EA,Eastern,Kia,0.08013543012429278,0.07849375483957849,1.0209147248474666
2025-07-01,Region,EA,Eastern,Nissan,0.08853744375640397,0.08428441571558429,1.0504604321535718
2025-07-01,Region,EA,Eastern,Toyota,0.15679897833415007,0.15006901659765007,1.0448457775567606
2025-07-01,Region,MA,Mid-Atlantic,Honda,0.07853852247670083,0.15329109703234411,0.5123488839024315
2025-07-01,Region,MA,Mid-Atlantic,Hyundai,0.10134572591998305,0.11342447482494165,0.8935084431856454
2025-07-01,Region,MA,Mid-Atlantic,Kia,0.09990261525963377,0.0904701567189063,1.1042604421481708
2025-07-01,Region,MA,Mid-Atlantic,Nissan,0.08546141697320153,0.0655951983994665,1.3028608657108143
2025-07-01,Region,MA,Mid-Atlantic,Toyota,0.17217420263090175,0.18087362454151384,0.951903314080957
2025-07-01,Region,MS,Mountain States,Honda,0.0701948076776019,0.11007493077048379,0.6377002209882324
2025-07-01,Region,MS,Mountain States,Hyundai,0.1044008564655502,0.10453656947385567,0.9987017652388199
2025-07-01,Region,MS,Mountain States,Kia,0.08443737095664143,0.07987185752294076,1.0571604764843407
2025-07-01,Region,MS,Mountain States,Nissan,0.057811424638678596,0.05048324917196069,1.1451605351659517
2025-07-01,Region,MS,Mountain States,Toyota,0.15272998394127094,0.17319596025411305,0.8818334083380788
2025-07-01,Region,SC,South Central,Honda,0.0704699018379442,0.11834250717109854,0.5954741328579379
2025-07-01,Region,SC,South Central,Hyundai,0.10926966508059743,0.10560896193503372,1.034662807762618
2025-07-01,Region,SC,South Central,Kia,0.08267674166544957,0.09221645088766571,0.8965508959584986
2025-07-01,Region,SC,South Central,Nissan,0.11820187407276445,0.09097604465462439,1.2992637185041231
2025-07-01,Region,SC,South Central,Toyota,0.11928957422112214,0.17075936119079,0.6985829262258689
2025-07-01,Region,SO,Southern,Honda,0.08606032096644442,0.13003179635918177,0.6618405911176013
2025-07-01,Region,SO,Southern,Hyundai,0.1305068106516137,0.12620362280330394,1.0340971816238314
2025-07-01,Region,SO,Southern,Kia,0.09972593774287233,0.11306172817265513,0.8820485884541065
2025-07-01,Region,SO,Southern,Nissan,0.12059761933979629,0.0854898711031445,1.4106655886086656
2025-07-01,Region,SO,Southern,Toyota,0.16217395454111616,0.20216359361911024,0.8021916886116635
2025-07-01,Region,WE,Western,Honda,0.13373010182131076,0.1936518921639561,0.6905695592588771
2025-07-01,Region,WE,Western,Hyundai,0.11772853185595568,0.1083393626726226,1.0866644306530124
2025-07-01,Region,WE,Western,Kia,0.10695388981560455,0.08950685247517486,1.1949240405394517
2025-07-01,Region,WE,Western,Nissan,0.06950115860424042,0.05791311459938973,1.200093607208147
2025-07-01,Region,WE,Western,Toyota,0.24095949036509243,0.2514916061111286,0.9581214025036595
2025-07-01,National,NTL,National,Honda,0.08625090777841074,0.14152122906587408,0.6094556155830403
2025-07-01,National,NTL,National,Hyundai,0.10804465617485008,0.10728762486281435,1.0070560916322244
2025-07-01,National,NTL,National,Kia,0.09185358567036446,0.0912675733530009,1.006420816242117
2025-07-01,National,NTL,National,Nissan,0.08785175054466704,0.07158629950620513,1.2272145808717494
2025-07-01,National,NTL,National,Toyota,0.15645207582287124,0.1742254061209408,0.8979865755874205
2025-08-01,Region,CE,Central,Honda,0.06749475721890627,0.1347570996872073,0.5008623469603631
2025-08-01,Region,CE,Central,Hyundai,0.09263501281568712,0.0848428084188948,1.0918428390338026
2025-08-01,Region,CE,Central,Kia,0.0916097578462476,0.09299839185678689,0.9850681933008291
2025-08-01,Region,CE,Central,Nissan,0.06517180190353283,0.05248555321893721,1.241709344887277
2025-08-01,Region,CE,Central,Toyota,0.09949274972665842,0.11560959230918762,0.8605925143354357
2025-08-01,Region,EA,Eastern,Honda,0.09200853474861938,0.16406575274869312,0.5608028074546001
2025-08-01,Region,EA,Eastern,Hyundai,0.09277953094742881,0.09947724714336381,0.9326708731064659
2025-08-01,Region,EA,Eastern,Kia,0.07829496282483445,0.0811731869419729,0.9645421816541961
2025-08-01,Region,EA,Eastern,Nissan,0.07996545458892156,0.07679378247929806,1.0413011575576252
2025-08-01,Region,EA,Eastern,Toyota,0.15555595400320352,0.14944717728877854,1.0408758253267034
2025-08-01,Region,MA,Mid-Atlantic,Honda,0.07867770076481835,0.15651306354056244,0.5026909510619092
2025-08-01,Region,MA,Mid-Atlantic,Hyundai,0.10065129063097514,0.10901041341896864,0.9233181259861276
2025-08-01,Region,MA,Mid-Atlantic,Kia,0.09680728170809433,0.0943692710606722,1.02583479367828
2025-08-01,Region,MA,Mid-Atlantic,Nissan,0.08078891810070109,0.06405188002743656,1.2613043999035662
2025-08-01,Region,MA,Mid-Atlantic,Toyota,0.17830325844486936,0.18367525098210388,0.9707527687671
2025-08-01,Region,MS,Mountain States,Honda,0.06970376022640562,0.11427975408930828,0.6099397113852114
2025-08-01,Region,MS,Mountain States,Hyundai,0.10243791714558924,0.10490471574245641,0.9764853412031236
2025-08-01,Region,MS,Mountain States,Kia,0.08343394732012634,0.08514841765550415,0.9798649184261501
2025-08-01,Region,MS,Mountain States,Nissan,0.05142421110585235,0.04461732909575056,1.1525613959431313
2025-08-01,Region,MS,Mountain States,Toyota,0.15216698380195304,0.1678671787760912,0.9064725154219707
2025-08-01,Region,SC,South Central,Honda,0.07024782224417882,0.11926865817217744,0.588988115744275
2025-08-01,Region,SC,South Central,Hyundai,0.1119271932905437,0.10382252015002794,1.0780627664287494
2025-08-01,Region,SC,South Central,Kia,0.08507238601759187,0.093794057404304,0.9070125375948188
2025-08-01,Region,SC,South Central,Nissan,0.11066125813884375,0.08949361139928533,1.2365269029664778
2025-08-01,Region,SC,South Central,Toyota,0.11587166196443803,0.1681075377508224,0.6892710672866373
2025-08-01,Region,SO,Southern,Honda,0.08611104359028672,0.12737428356018904,0.676047324337617
2025-08-01,Region,SO,Southern,Hyundai,0.12850679047285027,0.1273175358523911,1.0093408548358802
2025-08-01,Region,SO,Southern,Kia,0.09692440715751605,0.11440337892065859,0.8472162979096568
2025-08-01,Region,SO,Southern,Nissan,0.1108109328175514,0.08374340307896849,1.3232198447089465
2025-08-01,Region,SO,Southern,Toyota,0.17238529465894845,0.2124228839185103,0.8115194157945756
2025-08-01,Region,WE,Western,Honda,0.1323795898903195,0.20033013893346782,0.660807158598759
2025-08-01,Region,WE,Western,Hyundai,0.10947782546494993,0.10748773442156907,1.01851458730701
2025-08-01,Region,WE,Western,Kia,0.10955730408520108,0.09757439589160438,1.1228079157867248
2025-08-01,Region,WE,Western,Nissan,0.06406771578445399,0.04930991792379293,1.299286603629493
2025-08-01,Region,WE,Western,Toyota,0.23115561913845176,0.24605438121876289,0.9394493119508208
2025-08-01,National,NTL,National,Honda,0.08579410447781693,0.1459211152859641,0.5879485248566306
2025-08-01,National,NTL,National,Hyundai,0.10541123341180478,0.10527698749011306,1.0012751687229302
2025-08-01,National,NTL,National,Kia,0.09119682231848786,0.09455308398923876,0.964503942873689
2025-08-01,National,NTL,National,Nissan,0.08159400503792176,0.06732050466369759,1.2120230744782448
2025-08-01,National,NTL,National,Toyota,0.1565535560750359,0.17722184208385186,0.8833761924275856
2025-09-01,Region,CE,Central,Honda,0.06835575940098915,0.1302707930367505,0.5247205287351356
2025-09-01,Region,CE,Central,Hyundai,0.08998632332218938,0.07090049430474962,1.2691917624072362
2025-09-01,Region,CE,Central,Kia,0.08737532119470616,0.08720180528691167,1.0019898201330075
2025-09-01,Region,CE,Central,Nissan,0.07817119332467604,0.0506662368364496,1.5428655887156633
2025-09-01,Region,CE,Central,Toyota,0.1047267427403089,0.1180421233612723,0.8871980591181744
2025-09-01,Region,EA,Eastern,Honda,0.0867925931647257,0.1620871469319939,0.5354686957451404
2025-09-01,Region,EA,Eastern,Hyundai,0.08848038584657106,0.08861634797307032,0.9984657218491945
2025-09-01,Region,EA,Eastern,Kia,0.07202583753136005,0.0786761810550983,0.9154719581637942
2025-09-01,Region,EA,Eastern,Nissan,0.09887604450051349,0.08202798613178644,1.2053940266393826
2025-09-01,Region,EA,Eastern,Toyota,0.16566686405259048,0.16080020744696177,1.030265238353215
2025-09-01,Region,MA,Mid-Atlantic,Honda,0.07924089816387304,0.15607256393629304,0.5077183084928254
2025-09-01,Region,MA,Mid-Atlantic,Hyundai,0.10033071925557589,0.09136919354073418,1.0980803853855456
2025-09-01,Region,MA,Mid-Atlantic,Kia,0.08863087873470482,0.08997738308001328,0.9850350799365762
2025-09-01,Region,MA,Mid-Atlantic,Nissan,0.0913876565976845,0.06824616065921205,1.3390886126771258
2025-09-01,Region,MA,Mid-Atlantic,Toyota,0.1893567675133017,0.19966153700159742,0.9483888101682134
2025-09-01,Region,MS,Mountain States,Honda,0.06987790937821196,0.11177130883783581,0.6251864642615469
2025-09-01,Region,MS,Mountain States,Hyundai,0.09814798805029634,0.09783731198084263,1.0031754354567157
2025-09-01,Region,MS,Mountain States,Kia,0.07438306292806163,0.0826461123999102,0.9000188970551318
2025-09-01,Region,MS,Mountain States,Nissan,0.0613046694139458,0.04675596797126394,1.3111624477889847
2025-09-01,Region,MS,Mountain States,Toyota,0.1680258974285083,0.1814712265209908,0.925909306118415
2025-09-01,Region,SC,South Central,Honda,0.07284587199338101,0.11981047188400515,0.6080092236336982
2025-09-01,Region,SC,South Central,Hyundai,0.11131138821582649,0.09637003542262264,1.1550414786886798
2025-09-01,Region,SC,South Central,Kia,0.0837199338100585,0.0919507500256273,0.9104866875661719
2025-09-01,Region,SC,South Central,Nissan,0.11928594645706518,0.09095982778454845,1.3114135037679628
2025-09-01,Region,SC,South Central,Toyota,0.11777524968973464,0.17907217786484733,0.6576970866944175
2025-09-01,Region,SO,Southern,Honda,0.08265765236003911,0.13405153379273516,0.616611015341614
2025-09-01,Region,SO,Southern,Hyundai,0.1350869116703237,0.1132038655479445,1.1933065272679333
2025-09-01,Region,SO,Southern,Kia,0.08910252317700545,0.10861327061916548,0.8203649762967617
2025-09-01,Region,SO,Southern,Nissan,0.1137865800182123,0.07874872911382005,1.4449322712719597
2025-09-01,Region,SO,Southern,Toyota,0.1793710370596873,0.22254629106631202,0.8059942774163789
2025-09-01,Region,WE,Western,Honda,0.12837286012195026,0.18633765868740337,0.6889260121986732
2025-09-01,Region,WE,Western,Hyundai,0.10408588850036078,0.10975781140207055,0.948323287160564
2025-09-01,Region,WE,Western,Kia,0.09529246651918456,0.09490794959479083,1.0040514722532246
2025-09-01,Region,WE,Western,Nissan,0.06628765352807314,0.058849018597461,1.1264020217821114
2025-09-01,Region,WE,Western,Toyota,0.2598698034364915,0.2508432098187099,1.0359850028402418
2025-09-01,National,NTL,National,Honda,0.08414231221453083,0.14356212873233262,0.5861038210948495
2025-09-01,National,NTL,National,Hyundai,0.10387847209481525,0.0953439626085051,1.0895128464646888
2025-09-01,National,NTL,National,Kia,0.08403435973276709,0.09078712509388859,0.9256197907562548
2025-09-01,National,NTL,National,Nissan,0.0916085823818359,0.06921240650871638,1.3235861459361196
2025-09-01,National,NTL,National,Toyota,0.16713224498087434,0.1861678903548612,0.8977501150294912
2025-10-01,Region,CE,Central,Honda,0.07293922438994117,0.138976826643029,0.5248301184577362
2025-10-01,Region,CE,Central,Hyundai,0.09535894747500481,0.08054746528217467,1.1838851432623287
2025-10-01,Region,CE,Central,Kia,0.08339457602095643,0.08654130260436453,0.9636390198817113
2025-10-01,Region,CE,Central,Nissan,0.08267272887617219,0.05378624794225655,1.5370607179167317
2025-10-01,Region,CE,Central,Toyota,0.10840119023121973,0.12729517538305685,0.8515734387027528
2025-10-01,Region,EA,Eastern,Honda,0.08672417385963566,0.1634266917832452,0.5306610132857549
2025-10-01,Region,EA,Eastern,Hyundai,0.0914814043015234,0.09347000831906979,0.9787246834218942
2025-10-01,Region,EA,Eastern,Kia,0.07048926812683023,0.07212729132999933,0.9772898278451252
2025-10-01,Region,EA,Eastern,Nissan,0.10735163473244348,0.08221535872402681,1.3057369863554555
2025-10-01,Region,EA,Eastern,Toyota,0.16163615824166183,0.17230036623031392,0.9381068756731646
2025-10-01,Region,MA,Mid-Atlantic,Honda,0.08355561744215899,0.15904803585711483,0.5253483137460652
2025-10-01,Region,MA,Mid-Atlantic,Hyundai,0.10135285082089195,0.1002369346392406,1.0111327843939721
2025-10-01,Region,MA,Mid-Atlantic,Kia,0.086562436088786,0.08384769781024101,1.032377016297917
2025-10-01,Region,MA,Mid-Atlantic,Nissan,0.09131851826065768,0.07363083470413354,1.2402211468550848
2025-10-01,Region,MA,Mid-Atlantic,Toyota,0.18808064017823342,0.20638968957034845,0.9112889339083271
2025-10-01,Region,MS,Mountain States,Honda,0.07316707996069807,0.11902585119798234,0.6147158724283784
2025-10-01,Region,MS,Mountain States,Hyundai,0.10509521358723624,0.08677490542244641,1.211124495908132
2025-10-01,Region,MS,Mountain States,Kia,0.0682122303841295,0.07118537200504414,0.9582338121278068
2025-10-01,Region,MS,Mountain States,Nissan,0.06324802320684976,0.0478562421185372,1.3216253597636853
2025-10-01,Region,MS,Mountain States,Toyota,0.17937116923220886,0.20540668348045396,0.8732489429891283
2025-10-01,Region,SC,South Central,Honda,0.0783615959070842,0.11989057310738312,0.6536093195325507
2025-10-01,Region,SC,South Central,Hyundai,0.10893124836682208,0.09515243123562973,1.144807830470157
2025-10-01,Region,SC,South Central,Kia,0.08450922143829682,0.09044750063867836,0.9343455688830595
2025-10-01,Region,SC,South Central,Nissan,0.11962082766018897,0.10143276845780465,1.1793114737862098
2025-10-01,Region,SC,South Central,Toyota,0.12798613689813096,0.18965553947032274,0.6748346884861658
2025-10-01,Region,SO,Southern,Honda,0.08616925926041592,0.13447538294790756,0.640780917454578
2025-10-01,Region,SO,Southern,Hyundai,0.13061550809320222,0.11632792042740535,1.122821654623432
2025-10-01,Region,SO,Southern,Kia,0.0844328824791463,0.10659236310271733,0.7921100538673945
2025-10-01,Region,SO,Southern,Nissan,0.11391068902303822,0.0907373126025111,1.2553897151664795
2025-10-01,Region,SO,Southern,Toyota,0.1883562820300618,0.23461254400184162,0.8028397749635385
2025-10-01,Region,WE,Western,Honda,0.13460598490197143,0.19798228285313157,0.679889043414181
2025-10-01,Region,WE,Western,Hyundai,0.10383191999441388,0.08634934834196827,1.2024632726029338
2025-10-01,Region,WE,Western,Kia,0.08730632860323839,0.08929392324226272,0.9777409865435994
2025-10-01,Region,WE,Western,Nissan,0.06829801925658115,0.060866972306086696,1.122086686242998
2025-10-01,Region,WE,Western,Toyota,0.27708296157218115,0.2994396610632773,0.9253382153462572
2025-10-01,National,NTL,National,Honda,0.08767567834670623,0.14738191379781285,0.5948876363960429
2025-10-01,National,NTL,National,Hyundai,0.10517380388969369,0.09473223482642076,1.1102219226898338
2025-10-01,National,NTL,National,Kia,0.08059181914855532,0.08657241490520524,0.9309179978033587
2025-10-01,National,NTL,National,Nissan,0.09471314883062623,0.07486499027535073,1.2651193633001845
2025-10-01,National,NTL,National,Toyota,0.17277879995421636,0.2026659689930134,0.8525299082658157
2025-11-01,Region,CE,Central,Honda,0.06738596655384585,0.12861325585864639,0.5239426224300474
2025-11-01,Region,CE,Central,Hyundai,0.09481142576896148,0.08888863767395064,1.0666315543808425
2025-11-01,Region,CE,Central,Kia,0.08438329821799045,0.09078782260708351,0.9294561296308327
2025-11-01,Region,CE,Central,Nissan,0.07977259454523748,0.05774426570501588,1.3814808028342136
2025-11-01,Region,CE,Central,Toyota,0.09913174222649558,0.13071592489175776,0.758375403062663
2025-11-01,Region,EA,Eastern,Honda,0.08093043345142807,0.14687231881342394,0.5510257760295614
2025-11-01,Region,EA,Eastern,Hyundai,0.09548451646765517,0.10552164179840436,0.9048808835828693
2025-11-01,Region,EA,Eastern,Kia,0.06925217600489875,0.0736087415311486,0.9408145631126391
2025-11-01,Region,EA,Eastern,Nissan,0.1031524734286839,0.0802260332738336,1.2857730741416074
2025-11-01,Region,EA,Eastern,Toyota,0.15723548965577572,0.16804568002287945,0.9356711201047719
2025-11-01,Region,MA,Mid-Atlantic,Honda,0.07929011327159038,0.14667835338209514,0.5405713347833998
2025-11-01,Region,MA,Mid-Atlantic,Hyundai,0.10110014442877775,0.10852022003264221,0.9316249487733019
2025-11-01,Region,MA,Mid-Atlantic,Kia,0.08627155181650259,0.08819440246629995,0.9781975885540797
2025-11-01,Region,MA,Mid-Atlantic,Nissan,0.08845726922467032,0.06800459408813396,1.3007543153633074
2025-11-01,Region,MA,Mid-Atlantic,Toyota,0.1757102510146443,0.20585746237079128,0.8535529826854384
2025-11-01,Region,MS,Mountain States,Honda,0.06852180260442743,0.10754363098833328,0.6371535159702849
2025-11-01,Region,MS,Mountain States,Hyundai,0.1097733876741237,0.09714848841275392,1.129954664942706
2025-11-01,Region,MS,Mountain States,Kia,0.06904586992836187,0.07836093715230315,0.8811261380675373
2025-11-01,Region,MS,Mountain States,Nissan,0.06068886778062167,0.04255014782083479,1.4262904099925409
2025-11-01,Region,MS,Mountain States,Toyota,0.1659421747858109,0.20129065072956734,0.8243908705365214
2025-11-01,Region,SC,South Central,Honda,0.07563005485735746,0.11388589881593111,0.6640862094752843
2025-11-01,Region,SC,South Central,Hyundai,0.10706573494105182,0.10382131324004305,1.0312500545384877
2025-11-01,Region,SC,South Central,Kia,0.08886154217578497,0.0916254036598493,0.9698352053724653
2025-11-01,Region,SC,South Central,Nissan,0.11124039325616643,0.09496232508073196,1.1714160659145163
2025-11-01,Region,SC,South Central,Toyota,0.12025027831055433,0.20372443487621097,0.5902594766485522
2025-11-01,Region,SO,Southern,Honda,0.08068554295702608,0.12581128790443488,0.6413219696019176
2025-11-01,Region,SO,Southern,Hyundai,0.12921053197469917,0.12156502393964308,1.062892333561766
2025-11-01,Region,SO,Southern,Kia,0.08906897515690136,0.10982250810078832,0.8110265982557906
2025-11-01,Region,SO,Southern,Nissan,0.11036086543807964,0.08532185520143154,1.293465375049979
2025-11-01,Region,SO,Southern,Toyota,0.17652516104852806,0.23785849010978383,0.7421436206336494
2025-11-01,Region,WE,Western,Honda,0.12539586935825447,0.18164175066749785,0.6903471745754994
2025-11-01,Region,WE,Western,Hyundai,0.11658279741203442,0.09556687328714758,1.2199080434675391
2025-11-01,Region,WE,Western,Kia,0.08724086343235735,0.09066208729813335,0.9622640072853645
2025-11-01,Region,WE,Western,Nissan,0.06869377683654239,0.05601100930380268,1.2264334760323388
2025-11-01,Region,WE,Western,Toyota,0.2697040937263207,0.2974746821298769,0.9066455396986303
2025-11-01,National,NTL,National,Honda,0.0822029851073991,0.1362299042065806,0.6034136600635462
2025-11-01,National,NTL,National,Hyundai,0.10746995455318954,0.10361349437734277,1.0372196710382355
2025-11-01,National,NTL,National,Kia,0.08199987923434575,0.08968763015410246,0.9142830409662123
2025-11-01,National,NTL,National,Nissan,0.0912459372587494,0.07134527280299875,1.2789345905327338
2025-11-01,National,NTL,National,Toyota,0.1634014195453722,0.20607580174927115,0.7929190043583083
2025-12-01,Region,CE,Central,Honda,0.06362224068788612,0.13887601634578928,0.4581225928130905
2025-12-01,Region,CE,Central,Hyundai,0.0973662343292749,0.08685806968024604,1.120980867842366
2025-12-01,Region,CE,Central,Kia,0.08521064541874543,0.0875321228461895,0.9734785659029046
2025-12-01,Region,CE,Central,Nissan,0.07511766386725742,0.05580949572397523,1.3459656442476613
2025-12-01,Region,CE,Central,Toyota,0.08346005668885831,0.12053966381598348,0.6923866721270179
2025-12-01,Region,EA,Eastern,Honda,0.08018972884210764,0.15032274922336955,0.5334503876253025
2025-12-01,Region,EA,Eastern,Hyundai,0.10110891100263919,0.10477978534999177,0.9649658153517789
2025-12-01,Region,EA,Eastern,Kia,0.06678252444138996,0.0696306045620385,0.9590972943784942
2025-12-01,Region,EA,Eastern,Nissan,0.0974754459444615,0.07692754352517638,1.2671072216489057
2025-12-01,Region,EA,Eastern,Toyota,0.1413812237172319,0.16435532415248086,0.8602168773435371
2025-12-01,Region,MA,Mid-Atlantic,Honda,0.07316459606770086,0.1602318498870223,0.4566170590883673
2025-12-01,Region,MA,Mid-Atlantic,Hyundai,0.10200586976189951,0.10246586108655074,0.9955107845698707
2025-12-01,Region,MA,Mid-Atlantic,Kia,0.08612661914954653,0.08490870559836076,1.0143438007045684
2025-12-01,Region,MA,Mid-Atlantic,Nissan,0.08643114063155108,0.06854448233758578,1.260949644434871
2025-12-01,Region,MA,Mid-Atlantic,Toyota,0.1608623695301984,0.19719871444009376,0.8157374148555423
2025-12-01,Region,MS,Mountain States,Honda,0.06648463296926593,0.11262387559079128,0.5903244993169288
2025-12-01,Region,MS,Mountain States,Hyundai,0.11412438209491804,0.09207196218935813,1.2395128699462947
2025-12-01,Region,MS,Mountain States,Kia,0.06943494656220081,0.0791279158408294,0.8775025327581408
2025-12-01,Region,MS,Mountain States,Nissan,0.06088196791778199,0.04503735325506937,1.3518105198806096
2025-12-01,Region,MS,Mountain States,Toyota,0.1420790918504914,0.19219393200182955,0.7392485827759583
2025-12-01,Region,SC,South Central,Honda,0.07182676108424989,0.1166094682901603,0.6159599399383484
2025-12-01,Region,SC,South Central,Hyundai,0.11254776808338698,0.10538291570683089,1.0679887468333888
2025-12-01,Region,SC,South Central,Kia,0.0875508498952184,0.09332894551266983,0.938088922084017
2025-12-01,Region,SC,South Central,Nissan,0.10513087427577422,0.09099713224578064,1.155320741227523
2025-12-01,Region,SC,South Central,Toyota,0.10989740990836747,0.18930938836914107,0.5805174843947761
2025-12-01,Region,SO,Southern,Honda,0.0729444264404668,0.12832140282644047,0.5684509741459643
2025-12-01,Region,SO,Southern,Hyundai,0.13456207858893562,0.1217582270205026,1.105157999436679
2025-12-01,Region,SO,Southern,Kia,0.0931312552897609,0.10843908735813314,0.8588347390105168
2025-12-01,Region,SO,Southern,Nissan,0.10633009366613075,0.08253843187876146,1.2882495008181913
2025-12-01,Region,SO,Southern,Toyota,0.1654055142512845,0.2295351293356356,0.72061089180568
2025-12-01,Region,WE,Western,Honda,0.1218123379989632,0.18408673641212833,0.6617116494816502
2025-12-01,Region,WE,Western,Hyundai,0.12562778641783306,0.10302121696053189,1.2194360552541512
2025-12-01,Region,WE,Western,Kia,0.08670606531881804,0.08924594509446056,0.9715406703021159
2025-12-01,Region,WE,Western,Nissan,0.07417314670813893,0.05801258025616791,1.2785700339583297
2025-12-01,Region,WE,Western,Toyota,0.24413478486262313,0.2886940651174918,0.8456522470015653
2025-12-01,National,NTL,National,Honda,0.07805220199989392,0.14119951962844732,0.5527795151518974
2025-12-01,National,NTL,National,Hyundai,0.11223950112344043,0.10359696581641718,1.0834245987699926
2025-12-01,National,NTL,National,Kia,0.08211904091197716,0.08857463221552997,0.9271169279275773
2025-12-01,National,NTL,National,Nissan,0.08853009290849792,0.07038760592376553,1.2577511586966308
2025-12-01,National,NTL,National,Toyota,0.1466029252194996,0.19787294662606383,0.7408942339982775
2026-01-01,Region,CE,Central,Honda,0.06092736192435512,0.14022714658941698,0.4344904920781818
2026-01-01,Region,CE,Central,Hyundai,0.10468252712278665,0.07756555169006267,1.3496007549985374
2026-01-01,Region,CE,Central,Kia,0.0833430043431626,0.09165730375103218,0.9092892866404446
2026-01-01,Region,CE,Central,Nissan,0.07420653760264458,0.06088828123942442,1.21873267059141
2026-01-01,Region,CE,Central,Toyota,0.06321323697490812,0.10324475789530681,0.6122658260190622
2026-01-01,Region,EA,Eastern,Honda,0.07987012987012987,0.15759511574183208,0.5068058708175378
2026-01-01,Region,EA,Eastern,Hyundai,0.10716736094094585,0.08885719673754185,1.2060628162453388
2026-01-01,Region,EA,Eastern,Kia,0.0645123744180348,0.075314695205318,0.8565708756062197
2026-01-01,Region,EA,Eastern,Nissan,0.10314873805439843,0.08989439441799066,1.14744349436048
2026-01-01,Region,EA,Eastern,Toyota,0.12046373437882872,0.15487247183065392,0.777825348526434
2026-01-01,Region,MA,Mid-Atlantic,Honda,0.06883571508780838,0.16002974385065455,0.4301432560689987
2026-01-01,Region,MA,Mid-Atlantic,Hyundai,0.10631234101971966,0.09191241218715145,1.1566701220205948
2026-01-01,Region,MA,Mid-Atlantic,Kia,0.08674403503547,0.09355615130227188,0.9271868693615611
2026-01-01,Region,MA,Mid-Atlantic,Nissan,0.09168005233838328,0.07148308318494022,1.282541942143006
2026-01-01,Region,MA,Mid-Atlantic,Toyota,0.12802398191591682,0.18447057902667163,0.6940075896731831
2026-01-01,Region,MS,Mountain States,Honda,0.06590283657917019,0.12141078995876328,0.542808728956906
2026-01-01,Region,MS,Mountain States,Hyundai,0.12514288738357324,0.0794139444729491,1.5758301418487135
2026-01-01,Region,MS,Mountain States,Kia,0.06768099068585944,0.07686752940729338,0.8804886953923315
2026-01-01,Region,MS,Mountain States,Nissan,0.06104466553767993,0.05296163274613762,1.152620536271737
2026-01-01,Region,MS,Mountain States,Toyota,0.11409292972057579,0.19012599053645743,0.6000911784793463
2026-01-01,Region,SC,South Central,Honda,0.0693534382184073,0.12802745155412504,0.5417075586253262
2026-01-01,Region,SC,South Central,Hyundai,0.12025062253996305,0.09224999002487132,1.303529924583651
2026-01-01,Region,SC,South Central,Kia,0.08444357741490041,0.10253102265019219,0.8235905117517339
2026-01-01,Region,SC,South Central,Nissan,0.1114375222335701,0.09844786997752271,1.1319444723284835
2026-01-01,Region,SC,South Central,Toyota,0.08147145113969759,0.17237022357588414,0.4726538577808983
2026-01-01,Region,SO,Southern,Honda,0.06768281748735788,0.14019234776124312,0.48278539141541604
2026-01-01,Region,SO,Southern,Hyundai,0.14416669655345551,0.11841340512561822,1.21748628375746
2026-01-01,Region,SO,Southern,Kia,0.09407165656493204,0.11705359199026198,0.8036631338298283
2026-01-01,Region,SO,Southern,Nissan,0.11799662877021841,0.08645779644474663,1.364788759630574
2026-01-01,Region,SO,Southern,Toyota,0.1284546139224617,0.2047725054557019,0.6273040105486725
2026-01-01,Region,WE,Western,Honda,0.11506033268623196,0.20799298001109778,0.5531933466220482
2026-01-01,Region,WE,Western,Hyundai,0.13645750066613377,0.09478275457138063,1.4396870114527849
2026-01-01,Region,WE,Western,Kia,0.0849272962582315,0.09711844940833365,0.8744712953679423
2026-01-01,Region,WE,Western,Nissan,0.08728255490845419,0.0649994193023886,1.3428205335558547
2026-01-01,Region,WE,Western,Toyota,0.2001827109740779,0.25803620972216845,0.77579309969565
2026-01-01,National,NTL,National,Honda,0.0747206763594966,0.15173450362622257,0.49244354167171417
2026-01-01,National,NTL,National,Hyundai,0.11993495316069179,0.093270552544676,1.2858823057067632
2026-01-01,National,NTL,National,Kia,0.0806088511791449,0.09459779740555231,0.852121861078487
2026-01-01,National,NTL,National,Nissan,0.0942814506539156,0.0768063960561867,1.2275208250227658
2026-01-01,National,NTL,National,Toyota,0.1163920200245806,0.18136643018534027,0.6417506255465157
2026-02-01,Region,CE,Central,Honda,0.0685738057455724,0.14981033720416095,0.4577374767678433
2026-02-01,Region,CE,Central,Hyundai,0.10094842538572765,0.07982127481324615,1.2646806959912835
2026-02-01,Region,CE,Central,Kia,0.08194972372539613,0.09609969514323613,0.8527573745499449
2026-02-01,Region,CE,Central,Nissan,0.06604086918305248,0.059319075655674756,1.1133158845292068
2026-02-01,Region,CE,Central,Toyota,0.0769006250146776,0.09687929068441507,0.7937777462180426
2026-02-01,Region,EA,Eastern,Honda,0.08493167599604873,0.16237527807757537,0.5230579248367618
2026-02-01,Region,EA,Eastern,Hyundai,0.10836292864198692,0.09639655514195723,1.1241369412258306
2026-02-01,Region,EA,Eastern,Kia,0.0630556470200856,0.07560406158454659,0.8340245973368993
2026-02-01,Region,EA,Eastern,Nissan,0.09538019191871677,0.09188123609612123,1.0380812880982047
2026-02-01,Region,EA,Eastern,Toyota,0.13127675337504116,0.13713354331402391,0.9572913395406752
2026-02-01,Region,MA,Mid-Atlantic,Honda,0.07621539031391796,0.1638372227835103,0.4651897109768928
2026-02-01,Region,MA,Mid-Atlantic,Hyundai,0.10162052041855728,0.0982493333554168,1.0343125693376993
2026-02-01,Region,MA,Mid-Atlantic,Kia,0.08664691175108806,0.09284992629643739,0.9331931128782454
2026-02-01,Region,MA,Mid-Atlantic,Nissan,0.08797573849430503,0.07425012836013714,1.1848563825720844
2026-02-01,Region,MA,Mid-Atlantic,Toyota,0.13463746643207705,0.16869006409725557,0.7981351311506644
2026-02-01,Region,MS,Mountain States,Honda,0.06819446882130231,0.12478847098640755,0.5464805224573216
2026-02-01,Region,MS,Mountain States,Hyundai,0.12547200561642805,0.09167167057881616,1.368710800448995
2026-02-01,Region,MS,Mountain States,Kia,0.06876112629441115,0.08559419182269774,0.803338694252116
2026-02-01,Region,MS,Mountain States,Nissan,0.05419853070230424,0.04952963225794712,1.0942647508473675
2026-02-01,Region,MS,Mountain States,Toyota,0.11825589850312163,0.16680313699801663,0.708954883171818
2026-02-01,Region,SC,South Central,Honda,0.07078858878403298,0.12324300143620653,0.574382220159372
2026-02-01,Region,SC,South Central,Hyundai,0.12090609972158947,0.10115838297271208,1.195215820662183
2026-02-01,Region,SC,South Central,Kia,0.08238059080883682,0.10507852047182917,0.7839907760304115
2026-02-01,Region,SC,South Central,Nissan,0.11460028202625014,0.09739128387446143,1.176699571739616
2026-02-01,Region,SC,South Central,Toyota,0.09181039158260115,0.15471005109128153,0.593435209509636
2026-02-01,Region,SO,Southern,Honda,0.06849964529791464,0.14134246204750955,0.48463599901698184
2026-02-01,Region,SO,Southern,Hyundai,0.13830220617673294,0.12083407035907895,1.1445630008634524
2026-02-01,Region,SO,Southern,Kia,0.097771347095306,0.11765011913804406,0.8310348328724306
2026-02-01,Region,SO,Southern,Nissan,0.1210693038708182,0.09147096465397941,1.3235817981017775
2026-02-01,Region,SO,Southern,Toyota,0.12873929747915686,0.20052649650909923,0.6420064167096995
2026-02-01,Region,WE,Western,Honda,0.1097646808234782,0.20372175104040458,0.5387970614964346
2026-02-01,Region,WE,Western,Hyundai,0.12644817143756773,0.1028156771848496,1.2298530233889322
2026-02-01,Region,WE,Western,Kia,0.08744593956344171,0.09850919243533689,0.8876931929052481
2026-02-01,Region,WE,Western,Nissan,0.08233855956140432,0.06683611652531213,1.2319470945057245
2026-02-01,Region,WE,Western,Toyota,0.21692705198136708,0.24217721118895855,0.8957368487165787
2026-02-01,National,NTL,National,Honda,0.07765458329009389,0.1527893884672615,0.5082459198842405
2026-02-01,National,NTL,National,Hyundai,0.11690817034338491,0.09943485538089436,1.1757262571113258
2026-02-01,National,NTL,National,Kia,0.08073122907438458,0.09679581395941814,0.8340363676081213
2026-02-01,National,NTL,National,Nissan,0.09060511554489893,0.07792366267623205,1.1627420020200736
2026-02-01,National,NTL,National,Toyota,0.1251489712653409,0.16561487479578846,0.7556626264377275
2026-03-01,Region,CE,Central,Honda,0.0694297631871248,0.15375596184419713,0.4515581858053664
2026-03-01,Region,CE,Central,Hyundai,0.09890637216903413,0.08359499205087441,1.1831614519305353
2026-03-01,Region,CE,Central,Kia,0.07874187497273481,0.09843004769475358,0.7999780231431487
2026-03-01,Region,CE,Central,Nissan,0.06273175413340314,0.05611089030206677,1.1179960573730638
2026-03-01,Region,CE,Central,Toyota,0.08792646955191125,0.09891693163751987,0.8888920035865744
2026-03-01,Region,EA,Eastern,Honda,0.09093782440512437,0.17105127233910677,0.5316407364970743
2026-03-01,Region,EA,Eastern,Hyundai,0.11184183818454918,0.1018646052133191,1.0979460230600837
2026-03-01,Region,EA,Eastern,Kia,0.060015310472014895,0.07809648428084433,0.7684764688790937
2026-03-01,Region,EA,Eastern,Nissan,0.08497021997204679,0.08899486932268172,0.9547766137389093
2026-03-01,Region,EA,Eastern,Toyota,0.14147108118609764,0.1333373506421955,1.0610011411260796
2026-03-01,Region,MA,Mid-Atlantic,Honda,0.08411323795903346,0.17497322335201904,0.48072062883479405
2026-03-01,Region,MA,Mid-Atlantic,Hyundai,0.1076757522255815,0.09892754308606085,1.088430470085669
2026-03-01,Region,MA,Mid-Atlantic,Kia,0.08282284324732254,0.09208384916053469,0.8994285534581972
2026-03-01,Region,MA,Mid-Atlantic,Nissan,0.08530114644815362,0.07511371381675036,1.1356267998711502
2026-03-01,Region,MA,Mid-Atlantic,Toyota,0.1422928031379418,0.1676148613873781,0.8489271294929273
2026-03-01,Region,MS,Mountain States,Honda,0.06878478572973823,0.12829875258572054,0.5361298090858747
2026-03-01,Region,MS,Mountain States,Hyundai,0.1159950439553956,0.09343070268914938,1.2415088468436268
2026-03-01,Region,MS,Mountain States,Kia,0.0680177788266761,0.08374600388641634,0.8121913365433862
2026-03-01,Region,MS,Mountain States,Nissan,0.05392156862745098,0.04981821600952799,1.0823665106180882
2026-03-01,Region,MS,Mountain States,Toyota,0.1294078313371487,0.1707359117407384,0.7579414899757809
2026-03-01,Region,SC,South Central,Honda,0.06976350218639599,0.13291395282980703,0.5248771908523885
2026-03-01,Region,SC,South Central,Hyundai,0.11889829641106363,0.10012540960394838,1.1874937329232653
2026-03-01,Region,SC,South Central,Kia,0.07878084159481617,0.1031392855698046,0.7638296228210476
2026-03-01,Region,SC,South Central,Nissan,0.11837243199937884,0.0987904041425624,1.1982179142476026
2026-03-01,Region,SC,South Central,Toyota,0.1050281813914584,0.16857478053319308,0.6230361449041182
2026-03-01,Region,SO,Southern,Honda,0.07110024008144007,0.1476561996260236,0.48152559974805853
2026-03-01,Region,SO,Southern,Hyundai,0.13871217674997133,0.12096202205171191,1.1467415507544272
2026-03-01,Region,SO,Southern,Kia,0.09553226159496073,0.11718541307812054,0.8152231500969754
2026-03-01,Region,SO,Southern,Nissan,0.11796649977937523,0.09326381916490885,1.264868850918352
2026-03-01,Region,SO,Southern,Toyota,0.14022701767430226,0.19565597855623001,0.7167019311602691
2026-03-01,Region,WE,Western,Honda,0.11309100822796973,0.21228778573286733,0.5327249885694224
2026-03-01,Region,WE,Western,Hyundai,0.12129216219960759,0.10164794769999887,1.1932573646994442
2026-03-01,Region,WE,Western,Kia,0.07943275724137315,0.0977458066121498,0.8126461890744647
2026-03-01,Region,WE,Western,Nissan,0.07570536628096662,0.06667571510976893,1.1354263865986602
2026-03-01,Region,WE,Western,Toyota,0.24047481776454868,0.24869645866558085,0.9669410616252976
2026-03-01,National,NTL,National,Honda,0.08062837889173698,0.16048362095690813,0.5024087717548865
2026-03-01,National,NTL,National,Hyundai,0.11612206552025706,0.10077595899802425,1.1522794392116247
2026-03-01,National,NTL,National,Kia,0.07725197931052692,0.09640338145996277,0.8013409710385563
2026-03-01,National,NTL,National,Nissan,0.08713492612172605,0.07766067872891408,1.1219954235255039
2026-03-01,National,NTL,National,Toyota,0.13782564393263796,0.1670154960446296,0.8252266837312415
2026-04-01,Region,CE,Central,Honda,0.06398030416355023,0.16022320789812564,0.39931983014739464
2026-04-01,Region,CE,Central,Hyundai,0.09633577107399097,0.08148042161491868,1.1823180239454276
2026-04-01,Region,CE,Central,Kia,0.07856519571179257,0.09383316640434969,0.8372859908961853
2026-04-01,Region,CE,Central,Nissan,0.06919166735920662,0.05215815328850098,1.3265743320414092
2026-04-01,Region,CE,Central,Toyota,0.09212512811989251,0.11625888300662947,0.7924136697119242
2026-04-01,Region,EA,Eastern,Honda,0.08855095421286867,0.17589443959193712,0.5034323678355082
2026-04-01,Region,EA,Eastern,Hyundai,0.10823866636493927,0.10143059454050525,1.0671204960916925
2026-04-01,Region,EA,Eastern,Kia,0.0591264992079656,0.07488785054654308,0.789533933427803
2026-04-01,Region,EA,Eastern,Nissan,0.0845289281134495,0.07856821824410844,1.0758666799700276
2026-04-01,Region,EA,Eastern,Toyota,0.1471102059289432,0.14691790405603658,1.001308906999063
2026-04-01,Region,MA,Mid-Atlantic,Honda,0.08025552076347442,0.17512354513785747,0.4582794432370426
2026-04-01,Region,MA,Mid-Atlantic,Hyundai,0.11044904300333393,0.10006481056412195,1.1037750671856588
2026-04-01,Region,MA,Mid-Atlantic,Kia,0.08086344403004878,0.09246307148065135,0.8745485385154019
2026-04-01,Region,MA,Mid-Atlantic,Nissan,0.08847695922571805,0.07216926358996516,1.2259645564406232
2026-04-01,Region,MA,Mid-Atlantic,Toyota,0.15215450900546648,0.1796602846263941,0.8469011908885359
2026-04-01,Region,MS,Mountain States,Honda,0.06577667225002758,0.1337111826584964,0.49193097347754206
2026-04-01,Region,MS,Mountain States,Hyundai,0.11319846340558269,0.08663333283876615,1.3066386770119658
2026-04-01,Region,MS,Mountain States,Kia,0.06680976118594598,0.08236027240760249,0.811189172071982
2026-04-01,Region,MS,Mountain States,Nissan,0.06262725549392684,0.04657339129660677,1.3447003482112696
2026-04-01,Region,MS,Mountain States,Toyota,0.1339505120309726,0.1772281487855903,0.7558083348995833
2026-04-01,Region,SC,South Central,Honda,0.06633010133411096,0.13011516043805338,0.5097799603889365
2026-04-01,Region,SC,South Central,Hyundai,0.10995115550047387,0.09882419377609261,1.1125934986081625
2026-04-01,Region,SC,South Central,Kia,0.07844645330611649,0.10008470645180807,0.7838006033807908
2026-04-01,Region,SC,South Central,Nissan,0.12497995188452285,0.09527459008127785,1.311786823516151
2026-04-01,Region,SC,South Central,Toyota,0.11034847269811184,0.17205493818445838,0.641356033500232
2026-04-01,Region,SO,Southern,Honda,0.06691116402760156,0.1475724514758138,0.45341229584823883
2026-04-01,Region,SO,Southern,Hyundai,0.1381433264387395,0.1178240451404389,1.172454453367997
2026-04-01,Region,SO,Southern,Kia,0.0897571828341995,0.11191364748317055,0.8020217806563502
2026-04-01,Region,SO,Southern,Nissan,0.11509916048181044,0.08862025248647394,1.2987907081327483
2026-04-01,Region,SO,Southern,Toyota,0.16666608728903412,0.2096851954359588,0.7948395543257922
2026-04-01,Region,WE,Western,Honda,0.1106092884533447,0.21001001226220878,0.5266857863673807
2026-04-01,Region,WE,Western,Hyundai,0.11964658130199807,0.09072909518398938,1.3187234046516938
2026-04-01,Region,WE,Western,Kia,0.07555445922005696,0.09714144289073134,0.7777778152322042
2026-04-01,Region,WE,Western,Nissan,0.07524050860000449,0.05903859783330146,1.274429125374047
2026-04-01,Region,WE,Western,Toyota,0.25686542730921896,0.27648468348876715,0.9290403506914506
2026-04-01,National,NTL,National,Honda,0.0770934932875312,0.1620110133949136,0.47585341065431286
2026-04-01,National,NTL,National,Hyundai,0.11355121720758649,0.09757151330308514,1.1637742755394578
2026-04-01,National,NTL,National,Kia,0.07536708296262609,0.09357772753137975,0.8053955246706861
2026-04-01,National,NTL,National,Nissan,0.08996099019125182,0.07201610159540676,1.249178839152682
2026-04-01,National,NTL,National,Toyota,0.14851985703026516,0.18047907364643329,0.8229200983224366
2026-05-01,Region,CE,Central,Honda,0.057629937343012506,0.15784466110875606,0.3651053950016408
2026-05-01,Region,CE,Central,Hyundai,0.09964738193160176,0.08415995478310018,1.1840237104263696
2026-05-01,Region,CE,Central,Kia,0.07806246377211626,0.10125759502614103,0.7709294670880082
2026-05-01,Region,CE,Central,Nissan,0.07440862292638493,0.057227638830012716,1.3002217887654968
2026-05-01,Region,CE,Central,Toyota,0.0857013718291976,0.10965098205454289,0.7815832582928239
2026-05-01,Region,EA,Eastern,Honda,0.08381476898841143,0.1697830477555541,0.49365805418385533
2026-05-01,Region,EA,Eastern,Hyundai,0.10752218015151656,0.10196103980715356,1.0545418167064713
2026-05-01,Region,EA,Eastern,Kia,0.05727301200410577,0.07986676656459704,0.7171069328039315
2026-05-01,Region,EA,Eastern,Nissan,0.09144021359927808,0.08386539839728972,1.0903211019889838
2026-05-01,Region,EA,Eastern,Toyota,0.13854493244395655,0.1436494234152062,0.9644656355041846
2026-05-01,Region,MA,Mid-Atlantic,Honda,0.07598146020679,0.17464021781408012,0.43507424096137437
2026-05-01,Region,MA,Mid-Atlantic,Hyundai,0.11902309551162699,0.10538052638402697,1.1294600586628678
2026-05-01,Region,MA,Mid-Atlantic,Kia,0.07888325476369687,0.09566964864514456,0.8245379373795826
2026-05-01,Region,MA,Mid-Atlantic,Nissan,0.09809650200055461,0.0750680669000389,1.3067673919348493
2026-05-01,Region,MA,Mid-Atlantic,Toyota,0.14412906548350038,0.17803708025411644,0.8095452097831622
2026-05-01,Region,MS,Mountain States,Honda,0.061693923680361654,0.13075723736884245,0.4718203360807806
2026-05-01,Region,MS,Mountain States,Hyundai,0.11343622472461723,0.09135729636340652,1.2416766830903558
2026-05-01,Region,MS,Mountain States,Kia,0.07078129954077302,0.0906971190987878,0.780413978350047
2026-05-01,Region,MS,Mountain States,Nissan,0.06671575997463512,0.04959757279507817,1.3451416312303024
2026-05-01,Region,MS,Mountain States,Toyota,0.12861935299111207,0.18084643153118987,0.7112075803880575
2026-05-01,Region,SC,South Central,Honda,0.06493394693515932,0.1273668746372606,0.5098181699134132
2026-05-01,Region,SC,South Central,Hyundai,0.12402122019720867,0.09587202553685432,1.2936121825185958
2026-05-01,Region,SC,South Central,Kia,0.07928519930700775,0.1040699361578642,0.7618453727764342
2026-05-01,Region,SC,South Central,Nissan,0.11827139326592322,0.09910040626813697,1.1934501352690232
2026-05-01,Region,SC,South Central,Toyota,0.09695076239907315,0.1798008560650029,0.5392119065552324
2026-05-01,Region,SO,Southern,Honda,0.0677863685677795,0.14001692047377326,0.48412983472577265
2026-05-01,Region,SO,Southern,Hyundai,0.1399913481741901,0.1211721575262931,1.1553095284600625
2026-05-01,Region,SO,Southern,Kia,0.09224150953760797,0.11779635712152882,0.7830591012457518
2026-05-01,Region,SO,Southern,Nissan,0.12497768378263317,0.08849241896420158,1.4122981973539588
2026-05-01,Region,SO,Southern,Toyota,0.1482758147135971,0.21719584618957566,0.6826825527048851
2026-05-01,Region,WE,Western,Honda,0.11213679395716014,0.20898105355820978,0.5365883272567838
2026-05-01,Region,WE,Western,Hyundai,0.130821890877636,0.09799331772802752,1.3350082833272519
2026-05-01,Region,WE,Western,Kia,0.08535205483641256,0.10163455574895465,0.8397936529307891
2026-05-01,Region,WE,Western,Nissan,0.0723375812039371,0.06054058379849149,1.1948609786240543
2026-05-01,Region,WE,Western,Toyota,0.23272272923865986,0.2601084368685353,0.8947142662515142
2026-05-01,National,NTL,National,Honda,0.07444576456818593,0.15845846185133716,0.46981249027918487
2026-05-01,National,NTL,National,Hyundai,0.11890401840383955,0.10036126269644895,1.1847600877987627
2026-05-01,National,NTL,National,Kia,0.07705474434596653,0.09918482866149206,0.7768803494024947
2026-05-01,National,NTL,National,Nissan,0.0939000515824991,0.07533555909568518,1.2464240354708829
2026-05-01,National,NTL,National,Toyota,0.1367019156291655,0.1806327605102306,0.7567946990514106
2026-06-01,Region,CE,Central,Honda,0.05256273330387863,0.1433649885698748,0.36663577229150357
2026-06-01,Region,CE,Central,Hyundai,0.09378772434570547,0.08057482955518182,1.163982907112137
2026-06-01,Region,CE,Central,Kia,0.07723858659161514,0.09674820491646441,0.7983464567462051
2026-06-01,Region,CE,Central,Nissan,0.07220113620945774,0.055871660338976226,1.2922675963343446
2026-06-01,Region,CE,Central,Toyota,0.08588017965050948,0.11321362752897814,0.758567511040379
2026-06-01,Region,EA,Eastern,Honda,0.07692283958235628,0.1648503204521485,0.4666223236410684
2026-06-01,Region,EA,Eastern,Hyundai,0.09872756892849209,0.09219647187142252,1.0708389044016549
2026-06-01,Region,EA,Eastern,Kia,0.059203218719917065,0.07906289155106051,0.7488117062058419
2026-06-01,Region,EA,Eastern,Nissan,0.09392664083133809,0.08628320578346269,1.0885854318748593
2026-06-01,Region,EA,Eastern,Toyota,0.13608903314985313,0.14874207883753843,0.9149329780343771
2026-06-01,Region,MA,Mid-Atlantic,Honda,0.07091593903435962,0.16613185113027534,0.426865399692378
2026-06-01,Region,MA,Mid-Atlantic,Hyundai,0.11234208163858951,0.09599461364352635,1.1702956798781345
2026-06-01,Region,MA,Mid-Atlantic,Kia,0.08276201032142876,0.09575108156891958,0.8643454357417198
2026-06-01,Region,MA,Mid-Atlantic,Nissan,0.09787302335611939,0.07519410938887774,1.3016049282524804
2026-06-01,Region,MA,Mid-Atlantic,Toyota,0.14910402174621723,0.18373778758272927,0.8115043927971651
2026-06-01,Region,MS,Mountain States,Honda,0.05716635821509356,0.12352950245918068,0.46277494102256034
2026-06-01,Region,MS,Mountain States,Hyundai,0.10342882150408368,0.08338087235387533,1.2404382274285066
2026-06-01,Region,MS,Mountain States,Kia,0.07665417042344864,0.09212291278003053,0.8320858308777331
2026-06-01,Region,MS,Mountain States,Nissan,0.06490137458675398,0.049723245810142,1.3052521718828762
2026-06-01,Region,MS,Mountain States,Toyota,0.13378361990329912,0.17450161118734486,0.7666612301915601
2026-06-01,Region,SC,South Central,Honda,0.06129856510918611,0.1247597078046905,0.4913330288104563
2026-06-01,Region,SC,South Central,Hyundai,0.11640487109614434,0.09458912563993606,1.2306369290192227
2026-06-01,Region,SC,South Central,Kia,0.07799587921217627,0.09998178838098706,0.7801008611185062
2026-06-01,Region,SC,South Central,Nissan,0.11498327314619936,0.10036625589348226,1.145636769276618
2026-06-01,Region,SC,South Central,Toyota,0.10121038911166744,0.17304073332119224,0.5848934361818972
2026-06-01,Region,SO,Southern,Honda,0.06640813188690527,0.13468410248612483,0.49306585306715495
2026-06-01,Region,SO,Southern,Hyundai,0.1320099086016913,0.11083022884513039,1.1911002077434716
2026-06-01,Region,SO,Southern,Kia,0.09557358845135389,0.11652284649889759,0.8202132999922732
2026-06-01,Region,SO,Southern,Nissan,0.12770137524557956,0.09206074659773436,1.3871425114938436
2026-06-01,Region,SO,Southern,Toyota,0.14069189373878876,0.21559720215920322,0.6525682723605003
2026-06-01,Region,WE,Western,Honda,0.10476432473637404,0.19609848761598597,0.5342434100844826
2026-06-01,Region,WE,Western,Hyundai,0.12236056409604879,0.09437178831494605,1.2965799025413831
2026-06-01,Region,WE,Western,Kia,0.09867869393977893,0.09964443145563917,0.9903081637202158
2026-06-01,Region,WE,Western,Nissan,0.07050777114301444,0.061554759991232555,1.1454479093583843
2026-06-01,Region,WE,Western,Toyota,0.24384025748528354,0.2767102603443657,0.8812114779619106
2026-06-01,National,NTL,National,Honda,0.06987844859478755,0.15012240823343923,0.4654764696162287
2026-06-01,National,NTL,National,Hyundai,0.11111216036208788,0.09364665615566842,1.1865043016313004
2026-06-01,National,NTL,National,Kia,0.08044878809660565,0.09723412852468367,0.8273719250353858
2026-06-01,National,NTL,National,Nissan,0.09342382567522078,0.07646513544134309,1.2217833021022608
2026-06-01,National,NTL,National,Toyota,0.13890533744096575,0.18127510557214954,0.7662681370536003
2026-07-01,Region,CE,Central,Honda,0.0482275553800815,0.1485992451789005,0.3245477816661837
2026-07-01,Region,CE,Central,Hyundai,0.08260832781060083,0.08756318916841577,0.943413877396757
2026-07-01,Region,CE,Central,Kia,0.07973885700587995,0.09987091179629684,0.7984192351074201
2026-07-01,Region,CE,Central,Nissan,0.06704832273438711,0.06006050393669751,1.1163463231186774
2026-07-01,Region,CE,Central,Toyota,0.09611317136451444,0.09655994718223115,0.9953730730934065
2026-07-01,Region,EA,Eastern,Honda,0.07343392635117503,0.1611576755498784,0.45566508762685143
2026-07-01,Region,EA,Eastern,Hyundai,0.094982117365343,0.09751701692068103,0.9740055670755404
2026-07-01,Region,EA,Eastern,Kia,0.057755537476783275,0.08309856690405781,0.6950244706802879
2026-07-01,Region,EA,Eastern,Nissan,0.09717101324696456,0.09292376069572521,1.0457068517184405
2026-07-01,Region,EA,Eastern,Toyota,0.15095092636652493,0.13740397907224974,1.0985921032690904
2026-07-01,Region,MA,Mid-Atlantic,Honda,0.06658079185614753,0.16516311902101333,0.4031214247514701
2026-07-01,Region,MA,Mid-Atlantic,Hyundai,0.10441090575326463,0.10555722111689515,0.9891403415938633
2026-07-01,Region,MA,Mid-Atlantic,Kia,0.08896386999874838,0.10031070289716824,0.8868831284130082
2026-07-01,Region,MA,Mid-Atlantic,Nissan,0.09345404480787683,0.07535907988335014,1.2401165851883578
2026-07-01,Region,MA,Mid-Atlantic,Toyota,0.16427990320831073,0.17227658008775995,0.9535823332726039
2026-07-01,Region,MS,Mountain States,Honda,0.051311036825304544,0.12155717618747157,0.4221144191945533
2026-07-01,Region,MS,Mountain States,Hyundai,0.09407920589549387,0.08766086076097962,1.0732179113779732
2026-07-01,Region,MS,Mountain States,Kia,0.08085310250903004,0.09219504321413374,0.8769788449606697
2026-07-01,Region,MS,Mountain States,Nissan,0.06049448508631688,0.05052165108805705,1.1973972303652074
2026-07-01,Region,MS,Mountain States,Toyota,0.1587670709321792,0.17825646744633084,0.8906665390975536
2026-07-01,Region,SC,South Central,Honda,0.05631046852918795,0.12510972467365758,0.4500886615814316
2026-07-01,Region,SC,South Central,Hyundai,0.11027810369193053,0.0982566755075651,1.1223471903793434
2026-07-01,Region,SC,South Central,Kia,0.08678229642652312,0.10200383210473161,0.8507748643935268
2026-07-01,Region,SC,South Central,Nissan,0.11078790423246905,0.10308928048930126,1.0746791878518036
2026-07-01,Region,SC,South Central,Toyota,0.1088724036720633,0.1683105703795294,0.6468542256529884
2026-07-01,Region,SO,Southern,Honda,0.06361786403399326,0.13641259583095736,0.4663635615645684
2026-07-01,Region,SO,Southern,Hyundai,0.12825496350082768,0.12263647142947656,1.0458142019732042
2026-07-01,Region,SO,Southern,Kia,0.09867604831878872,0.11780306115983744,0.8376356891516018
2026-07-01,Region,SO,Southern,Nissan,0.11879013239516813,0.09258605552085879,1.2830240118438332
2026-07-01,Region,SO,Southern,Toyota,0.15096282602354083,0.20095763072383488,0.7512171868258181
2026-07-01,Region,WE,Western,Honda,0.09662957627539616,0.19482982333566223,0.49596912126188225
2026-07-01,Region,WE,Western,Hyundai,0.11401155763085126,0.09355557773563562,1.2186505646196644
2026-07-01,Region,WE,Western,Kia,0.10421737618598181,0.10480087833117077,0.9944322781022399
2026-07-01,Region,WE,Western,Nissan,0.07088155912109019,0.06347938916059487,1.116607454141828
2026-07-01,Region,WE,Western,Toyota,0.2649065289023562,0.27959099932350756,0.9474787441059205
2026-07-01,National,NTL,National,Honda,0.06538143006918747,0.1503187936900991,0.43495180119645865
2026-07-01,National,NTL,National,Hyundai,0.10412618931768815,0.09963263037554845,1.0451012778163336
2026-07-01,National,NTL,National,Kia,0.08423127965919805,0.1002381350456162,0.8403117198944915
2026-07-01,National,NTL,National,Nissan,0.0900701313966385,0.07917350118766277,1.1376297630585737
2026-07-01,National,NTL,National,Toyota,0.1536243919267424,0.17402836834566182,0.8827548829372907
2026-08-01,Region,CE,Central,Honda,0.04750301035276347,0.1465536342180049,0.3241339636934603
2026-08-01,Region,CE,Central,Hyundai,0.08305723589053003,0.08478396994364433,0.9796337202154835
2026-08-01,Region,CE,Central,Kia,0.0815930288067603,0.10293338471171909,0.7926779930075576
2026-08-01,Region,CE,Central,Nissan,0.06146819713713671,0.055421222484466064,1.1091093696889407
2026-08-01,Region,CE,Central,Toyota,0.10111222737604116,0.11258609893550407,0.8980880262488193
2026-08-01,Region,EA,Eastern,Honda,0.07367583009413198,0.1643071461775768,0.4484030780651865
2026-08-01,Region,EA,Eastern,Hyundai,0.0981251658627203,0.10188057304652834,0.9631391238632613
2026-08-01,Region,EA,Eastern,Kia,0.05932031408545247,0.08478214934708195,0.6996792903020944
2026-08-01,Region,EA,Eastern,Nissan,0.09380102717807022,0.08946456493259519,1.0484712830017362
2026-08-01,Region,EA,Eastern,Toyota,0.14737039291902776,0.1368634577188015,1.0767694706487227
2026-08-01,Region,MA,Mid-Atlantic,Honda,0.06818384368987518,0.16405258753340712,0.4156218729313882
2026-08-01,Region,MA,Mid-Atlantic,Hyundai,0.10303592679384951,0.10595794077153578,0.9724228882100809
2026-08-01,Region,MA,Mid-Atlantic,Kia,0.09288122087140693,0.10252949275166698,0.9058975947181482
2026-08-01,Region,MA,Mid-Atlantic,Nissan,0.09368856455341837,0.07234835191534163,1.294964737594133
2026-08-01,Region,MA,Mid-Atlantic,Toyota,0.15827605911433348,0.17405447722916612,0.9093478181887948
2026-08-01,Region,MS,Mountain States,Honda,0.05148888888888889,0.12171128882707465,0.4230411935087093
2026-08-01,Region,MS,Mountain States,Hyundai,0.09195555555555555,0.0879259388038943,1.0458296699071785
2026-08-01,Region,MS,Mountain States,Kia,0.0844,0.09973342605470562,0.8462558977338757
2026-08-01,Region,MS,Mountain States,Nissan,0.05795555555555556,0.04864974501622624,1.191281794719079
2026-08-01,Region,MS,Mountain States,Toyota,0.1564222222222222,0.17249072786277236,0.9068442353995184
2026-08-01,Region,SC,South Central,Honda,0.05381174484210205,0.11996328674506097,0.44856844374779137
2026-08-01,Region,SC,South Central,Hyundai,0.11221507890122735,0.09759909852601734,1.1497552804887208
2026-08-01,Region,SC,South Central,Kia,0.09222523998884573,0.10549608331364388,0.8742053457535155
2026-08-01,Region,SC,South Central,Nissan,0.1076922489237269,0.09869867868631976,1.0911214856886804
2026-08-01,Region,SC,South Central,Toyota,0.10724149390907736,0.17846822122462333,0.6008996625460915
2026-08-01,Region,SO,Southern,Honda,0.06279047163052909,0.13548375926310685,0.46345386319397297
2026-08-01,Region,SO,Southern,Hyundai,0.1301708900176758,0.11828208324676225,1.1005123214317327
2026-08-01,Region,SO,Southern,Kia,0.0988080538265756,0.1241516032966272,0.795866112099254
2026-08-01,Region,SO,Southern,Nissan,0.11464787008470702,0.08702126186023963,1.3174696348213963
2026-08-01,Region,SO,Southern,Toyota,0.14983386192720163,0.2076667359235404,0.7215111330221325
2026-08-01,Region,WE,Western,Honda,0.09555380074237044,0.2019904007525468,0.47306109788569073
2026-08-01,Region,WE,Western,Hyundai,0.11815851593478288,0.09632385167131663,1.2266797255779607
2026-08-01,Region,WE,Western,Kia,0.10955664691798031,0.10810377449251195,1.0134396086749866
2026-08-01,Region,WE,Western,Nissan,0.07210030024196716,0.06411613165293055,1.1245266734471133
2026-08-01,Region,WE,Western,Toyota,0.2542386480243572,0.2606441544003677,0.9754243236693841
2026-08-01,National,NTL,National,Honda,0.06484870846597621,0.1504457625162019,0.4310437687401962
2026-08-01,National,NTL,National,Hyundai,0.1055222339491395,0.09964154877815333,1.0590184038997548
2026-08-01,National,NTL,National,Kia,0.08714872877356467,0.10412913011647838,0.8369293844679244
2026-08-01,National,NTL,National,Nissan,0.08735924123984978,0.07593817629721203,1.1503995157578872
2026-08-01,National,NTL,National,Toyota,0.15092370925253773,0.17636296948999974,0.8557562264287885
