date_month,geo_level,region_code,region_name,entity_level,brand,model_series,display_name,segment,incentive_pnv,incentive_index,incentive_pnv_mom_pct,incentive_pnv_yoy_pct,incentive_index_mom_delta,incentive_index_yoy_delta
2025-01-01,National,NTL,National,Brand,Hyundai,hyundai,Hyundai,All Hyundai models,0.0,,,,,
2025-01-01,National,NTL,National,Model,Hyundai,hyundai_elantra,ELANTRA,Compact Car,0.0,,,,,
2025-01-01,National,NTL,National,Model,Hyundai,hyundai_ioniq_5,IONIQ_5,Mainstream EV SUV,0.0,,,,,
2025-01-01,National,NTL,National,Model,Hyundai,hyundai_ioniq_5_n,IONIQ_5_N,Mainstream EV SUV,0.0,,,,,
2025-01-01,National,NTL,National,Model,Hyundai,hyundai_ioniq_6,IONIQ_6,Mainstream EV Car,0.0,,,,,
2025-01-01,National,NTL,National,Model,Hyundai,hyundai_kona,KONA,Entry CUV,0.0,,,,,
2025-01-01,National,NTL,National,Model,Hyundai,hyundai_palisade,PALISADE,Midsize SUV,0.0,,,,,
2025-01-01,National,NTL,National,Model,Hyundai,hyundai_santa_cruz,SANTA_CRUZ,Sub-Compact SUV,0.0,,,,,
2025-01-01,National,NTL,National,Model,Hyundai,hyundai_santa_fe,SANTA_FE,Compact SUV,0.0,,,,,
2025-01-01,National,NTL,National,Model,Hyundai,hyundai_sonata,SONATA,Midsize Car,0.0,,,,,
2025-01-01,National,NTL,National,Model,Hyundai,hyundai_tucson,TUCSON,Sub-Compact SUV,0.0,,,,,
2025-01-01,National,NTL,National,Model,Hyundai,hyundai_venue,VENUE,Entry CUV,0.0,,,,,
2025-02-01,National,NTL,National,Brand,Hyundai,hyundai,Hyundai,All Hyundai models,0.0,,,,,
2025-02-01,National,NTL,National,Model,Hyundai,hyundai_elantra,ELANTRA,Compact Car,0.0,,,,,
2025-02-01,National,NTL,National,Model,Hyundai,hyundai_ioniq_5,IONIQ_5,Mainstream EV SUV,0.0,,,,,
2025-02-01,National,NTL,National,Model,Hyundai,hyundai_ioniq_5_n,IONIQ_5_N,Mainstream EV SUV,0.0,,,,,
2025-02-01,National,NTL,National,Model,Hyundai,hyundai_ioniq_6,IONIQ_6,Mainstream EV Car,0.0,,,,,
2025-02-01,National,NTL,National,Model,Hyundai,hyundai_kona,KONA,Entry CUV,0.0,,,,,
2025-02-01,National,NTL,National,Model,Hyundai,hyundai_palisade,PALISADE,Midsize SUV,0.0,,,,,
2025-02-01,National,NTL,National,Model,Hyundai,hyundai_santa_cruz,SANTA_CRUZ,Sub-Compact SUV,0.0,,,,,
2025-02-01,National,NTL,National,Model,Hyundai,hyundai_santa_fe,SANTA_FE,Compact SUV,0.0,,,,,
2025-02-01,National,NTL,National,Model,Hyundai,hyundai_sonata,SONATA,Midsize Car,0.0,,,,,
2025-02-01,National,NTL,National,Model,Hyundai,hyundai_tucson,TUCSON,Sub-Compact SUV,0.0,,,,,
2025-02-01,National,NTL,National,Model,Hyundai,hyundai_venue,VENUE,Entry CUV,0.0,,,,,
2025-03-01,National,NTL,National,Brand,Hyundai,hyundai,Hyundai,All Hyundai models,0.0,,,,,
2025-03-01,National,NTL,National,Model,Hyundai,hyundai_elantra,ELANTRA,Compact Car,0.0,,,,,
2025-03-01,National,NTL,National,Model,Hyundai,hyundai_ioniq_5,IONIQ_5,Mainstream EV SUV,0.0,,,,,
2025-03-01,National,NTL,National,Model,Hyundai,hyundai_ioniq_5_n,IONIQ_5_N,Mainstream EV SUV,0.0,,,,,
2025-03-01,National,NTL,National,Model,Hyundai,hyundai_ioniq_6,IONIQ_6,Mainstream EV Car,0.0,,,,,
2025-03-01,National,NTL,National,Model,Hyundai,hyundai_kona,KONA,Entry CUV,0.0,,,,,
2025-03-01,National,NTL,National,Model,Hyundai,hyundai_palisade,PALISADE,Midsize SUV,0.0,,,,,
2025-03-01,National,NTL,National,Model,Hyundai,hyundai_santa_cruz,SANTA_CRUZ,Sub-Compact SUV,0.0,,,,,
2025-03-01,National,NTL,National,Model,Hyundai,hyundai_santa_fe,SANTA_FE,Compact SUV,0.0,,,,,
2025-03-01,National,NTL,National,Model,Hyundai,hyundai_sonata,SONATA,Midsize Car,0.0,,,,,
2025-03-01,National,NTL,National,Model,Hyundai,hyundai_tucson,TUCSON,Sub-Compact SUV,0.0,,,,,
2025-03-01,National,NTL,National,Model,Hyundai,hyundai_venue,VENUE,Entry CUV,0.0,,,,,
2025-04-01,National,NTL,National,Brand,Hyundai,hyundai,Hyundai,All Hyundai models,0.0,,,,,
2025-04-01,National,NTL,National,Model,Hyundai,hyundai_elantra,ELANTRA,Compact Car,0.0,,,,,
2025-04-01,National,NTL,National,Model,Hyundai,hyundai_ioniq_5,IONIQ_5,Mainstream EV SUV,0.0,,,,,
2025-04-01,National,NTL,National,Model,Hyundai,hyundai_ioniq_5_n,IONIQ_5_N,Mainstream EV SUV,0.0,,,,,
2025-04-01,National,NTL,National,Model,Hyundai,hyundai_ioniq_6,IONIQ_6,Mainstream EV Car,0.0,,,,,
2025-04-01,National,NTL,National,Model,Hyundai,hyundai_kona,KONA,Entry CUV,0.0,,,,,
2025-04-01,National,NTL,National,Model,Hyundai,hyundai_palisade,PALISADE,Midsize SUV,0.0,,,,,
2025-04-01,National,NTL,National,Model,Hyundai,hyundai_santa_cruz,SANTA_CRUZ,Sub-Compact SUV,0.0,,,,,
2025-04-01,National,NTL,National,Model,Hyundai,hyundai_santa_fe,SANTA_FE,Compact SUV,0.0,,,,,
2025-04-01,National,NTL,National,Model,Hyundai,hyundai_sonata,SONATA,Midsize Car,0.0,,,,,
2025-04-01,National,NTL,National,Model,Hyundai,hyundai_tucson,TUCSON,Sub-Compact SUV,0.0,,,,,
2025-04-01,National,NTL,National,Model,Hyundai,hyundai_venue,VENUE,Entry CUV,0.0,,,,,
2025-05-01,National,NTL,National,Brand,Hyundai,hyundai,Hyundai,All Hyundai models,0.0,,,,,
2025-05-01,National,NTL,National,Model,Hyundai,hyundai_elantra,ELANTRA,Compact Car,0.0,,,,,
2025-05-01,National,NTL,National,Model,Hyundai,hyundai_ioniq_5,IONIQ_5,Mainstream EV SUV,0.0,,,,,
2025-05-01,National,NTL,National,Model,Hyundai,hyundai_ioniq_5_n,IONIQ_5_N,Mainstream EV SUV,0.0,,,,,
2025-05-01,National,NTL,National,Model,Hyundai,hyundai_ioniq_6,IONIQ_6,Mainstream EV Car,0.0,,,,,
2025-05-01,National,NTL,National,Model,Hyundai,hyundai_kona,KONA,Entry CUV,0.0,,,,,
2025-05-01,National,NTL,National,Model,Hyundai,hyundai_palisade,PALISADE,Midsize SUV,0.0,,,,,
2025-05-01,National,NTL,National,Model,Hyundai,hyundai_santa_cruz,SANTA_CRUZ,Sub-Compact SUV,0.0,,,,,
2025-05-01,National,NTL,National,Model,Hyundai,hyundai_santa_fe,SANTA_FE,Compact SUV,0.0,,,,,
2025-05-01,National,NTL,National,Model,Hyundai,hyundai_sonata,SONATA,Midsize Car,0.0,,,,,
2025-05-01,National,NTL,National,Model,Hyundai,hyundai_tucson,TUCSON,Sub-Compact SUV,0.0,,,,,
2025-05-01,National,NTL,National,Model,Hyundai,hyundai_venue,VENUE,Entry CUV,0.0,,,,,
2025-06-01,National,NTL,National,Brand,Hyundai,hyundai,Hyundai,All Hyundai models,0.0,,,,,
2025-06-01,National,NTL,National,Model,Hyundai,hyundai_elantra,ELANTRA,Compact Car,0.0,,,,,
2025-06-01,National,NTL,National,Model,Hyundai,hyundai_ioniq_5,IONIQ_5,Mainstream EV SUV,0.0,,,,,
2025-06-01,National,NTL,National,Model,Hyundai,hyundai_ioniq_5_n,IONIQ_5_N,Mainstream EV SUV,0.0,,,,,
2025-06-01,National,NTL,National,Model,Hyundai,hyundai_ioniq_6,IONIQ_6,Mainstream EV Car,0.0,,,,,
2025-06-01,National,NTL,National,Model,Hyundai,hyundai_kona,KONA,Entry CUV,0.0,,,,,
2025-06-01,National,NTL,National,Model,Hyundai,hyundai_palisade,PALISADE,Midsize SUV,0.0,,,,,
2025-06-01,National,NTL,National,Model,Hyundai,hyundai_santa_cruz,SANTA_CRUZ,Sub-Compact SUV,0.0,,,,,
2025-06-01,National,NTL,National,Model,Hyundai,hyundai_santa_fe,SANTA_FE,Compact SUV,0.0,,,,,
2025-06-01,National,NTL,National,Model,Hyundai,hyundai_sonata,SONATA,Midsize Car,0.0,,,,,
2025-06-01,National,NTL,National,Model,Hyundai,hyundai_tucson,TUCSON,Sub-Compact SUV,0.0,,,,,
2025-06-01,National,NTL,National,Model,Hyundai,hyundai_venue,VENUE,Entry CUV,0.0,,,,,
2025-07-01,National,NTL,National,Brand,Hyundai,hyundai,Hyundai,All Hyundai models,3530.6646671000094,114.02061013759933,,,,
2025-07-01,National,NTL,National,Model,Hyundai,hyundai_elantra,ELANTRA,Compact Car,1772.0,178.4693513477367,,,,
2025-07-01,National,NTL,National,Model,Hyundai,hyundai_ioniq_5,IONIQ_5,Mainstream EV SUV,20718.0,156.46125499190106,,,,
2025-07-01,National,NTL,National,Model,Hyundai,hyundai_ioniq_5_n,IONIQ_5_N,Mainstream EV SUV,0.0,0.0,,,,
2025-07-01,National,NTL,National,Model,Hyundai,hyundai_ioniq_6,IONIQ_6,Mainstream EV Car,14684.0,68.38575375601991,,,,
2025-07-01,National,NTL,National,Model,Hyundai,hyundai_kona,KONA,Entry CUV,2092.0,165.40937534175404,,,,
2025-07-01,National,NTL,National,Model,Hyundai,hyundai_palisade,PALISADE,Midsize SUV,0.0,,,,,
2025-07-01,National,NTL,National,Model,Hyundai,hyundai_santa_cruz,SANTA_CRUZ,Sub-Compact SUV,1573.0,86.27384082458357,,,,
2025-07-01,National,NTL,National,Model,Hyundai,hyundai_santa_fe,SANTA_FE,Compact SUV,4293.0,102.98462127523293,,,,
2025-07-01,National,NTL,National,Model,Hyundai,hyundai_sonata,SONATA,Midsize Car,0.0,,,,,
2025-07-01,National,NTL,National,Model,Hyundai,hyundai_tucson,TUCSON,Sub-Compact SUV,2795.0,153.29649402715262,,,,
2025-07-01,National,NTL,National,Model,Hyundai,hyundai_venue,VENUE,Entry CUV,691.0,54.635697113361395,,,,
2025-08-01,National,NTL,National,Brand,Hyundai,hyundai,Hyundai,All Hyundai models,2810.6410738515215,105.45015810789616,-0.2039342903215715,,-8.570452029703176,
2025-08-01,National,NTL,National,Model,Hyundai,hyundai_elantra,ELANTRA,Compact Car,1552.0,165.11185953530116,-0.12415349887133187,,-13.35749181243554,
2025-08-01,National,NTL,National,Model,Hyundai,hyundai_ioniq_5,IONIQ_5,Mainstream EV SUV,21025.0,154.90353661363002,0.014818032628632016,,-1.5577183782710335,
2025-08-01,National,NTL,National,Model,Hyundai,hyundai_ioniq_5_n,IONIQ_5_N,Mainstream EV SUV,0.0,0.0,,,0.0,
2025-08-01,National,NTL,National,Model,Hyundai,hyundai_ioniq_6,IONIQ_6,Mainstream EV Car,14683.0,58.84281730943813,-6.810133478618585e-05,,-9.542936446581777,
2025-08-01,National,NTL,National,Model,Hyundai,hyundai_kona,KONA,Entry CUV,1957.0,158.21532065936347,-0.06453154875717015,,-7.194054682390572,
2025-08-01,National,NTL,National,Model,Hyundai,hyundai_palisade,PALISADE,Midsize SUV,0.0,,,,,
2025-08-01,National,NTL,National,Model,Hyundai,hyundai_santa_cruz,SANTA_CRUZ,Sub-Compact SUV,1353.0,73.90250601945982,-0.1398601398601399,,-12.371334805123752,
2025-08-01,National,NTL,National,Model,Hyundai,hyundai_santa_fe,SANTA_FE,Compact SUV,3676.0,96.98060665745295,-0.14372233869089213,,-6.004014617779973,
2025-08-01,National,NTL,National,Model,Hyundai,hyundai_sonata,SONATA,Midsize Car,0.0,,,,,
2025-08-01,National,NTL,National,Model,Hyundai,hyundai_tucson,TUCSON,Sub-Compact SUV,2488.0,135.8975868266194,-0.10983899821109122,,-17.398907200533216,
2025-08-01,National,NTL,National,Model,Hyundai,hyundai_venue,VENUE,Entry CUV,694.0,56.107017137250004,0.004341534008682979,,1.4713200238886088,
2025-09-01,National,NTL,National,Brand,Hyundai,hyundai,Hyundai,All Hyundai models,2144.375303195968,91.19859725068969,-0.23705117556776667,,-14.25156085720647,
2025-09-01,National,NTL,National,Model,Hyundai,hyundai_elantra,ELANTRA,Compact Car,1902.0,182.47710043625273,0.22551546391752586,,17.365240900951562,
2025-09-01,National,NTL,National,Model,Hyundai,hyundai_ioniq_5,IONIQ_5,Mainstream EV SUV,20367.0,159.46000281191115,-0.031296076099881054,,4.556466198281129,
2025-09-01,National,NTL,National,Model,Hyundai,hyundai_ioniq_5_n,IONIQ_5_N,Mainstream EV SUV,0.0,0.0,,,0.0,
2025-09-01,National,NTL,National,Model,Hyundai,hyundai_ioniq_6,IONIQ_6,Mainstream EV Car,15163.0,60.20424065187908,0.032690866989034895,,1.3614233424409505,
2025-09-01,National,NTL,National,Model,Hyundai,hyundai_kona,KONA,Entry CUV,1083.0,78.91988957793001,-0.44660194174757284,,-79.29543108143346,
2025-09-01,National,NTL,National,Model,Hyundai,hyundai_palisade,PALISADE,Midsize SUV,0.0,,,,,
2025-09-01,National,NTL,National,Model,Hyundai,hyundai_santa_cruz,SANTA_CRUZ,Sub-Compact SUV,1194.0,59.48094099080854,-0.1175166297117517,,-14.42156502865128,
2025-09-01,National,NTL,National,Model,Hyundai,hyundai_santa_fe,SANTA_FE,Compact SUV,2165.0,69.12784183927796,-0.4110446137105549,,-27.85276481817499,
2025-09-01,National,NTL,National,Model,Hyundai,hyundai_sonata,SONATA,Midsize Car,0.0,,,,,
2025-09-01,National,NTL,National,Model,Hyundai,hyundai_tucson,TUCSON,Sub-Compact SUV,2784.0,138.68922924490033,0.11897106109324751,,2.7916424182809294,
2025-09-01,National,NTL,National,Model,Hyundai,hyundai_venue,VENUE,Entry CUV,693.0,50.49998474377239,-0.0014409221902017544,,-5.607032393477617,
2025-10-01,National,NTL,National,Brand,Hyundai,hyundai,Hyundai,All Hyundai models,2176.458115447996,108.90244461760346,0.01496137929037511,,17.703847366913777,
2025-10-01,National,NTL,National,Model,Hyundai,hyundai_elantra,ELANTRA,Compact Car,2070.0,197.6941714470796,0.08832807570977907,,15.217071010826885,
2025-10-01,National,NTL,National,Model,Hyundai,hyundai_ioniq_5,IONIQ_5,Mainstream EV SUV,6754.0,80.42768217115169,-0.6683851328128836,,-79.03232064075947,
2025-10-01,National,NTL,National,Model,Hyundai,hyundai_ioniq_5_n,IONIQ_5_N,Mainstream EV SUV,0.0,0.0,,,0.0,
2025-10-01,National,NTL,National,Model,Hyundai,hyundai_ioniq_6,IONIQ_6,Mainstream EV Car,16383.0,156.20957981011253,0.08045901206885175,,96.00533915823345,
2025-10-01,National,NTL,National,Model,Hyundai,hyundai_kona,KONA,Entry CUV,1543.0,126.25988643842986,0.42474607571560474,,47.33999686049985,
2025-10-01,National,NTL,National,Model,Hyundai,hyundai_palisade,PALISADE,Midsize SUV,0.0,,,,,
2025-10-01,National,NTL,National,Model,Hyundai,hyundai_santa_cruz,SANTA_CRUZ,Sub-Compact SUV,1089.0,61.48607926662948,-0.0879396984924623,,2.00513827582094,
2025-10-01,National,NTL,National,Model,Hyundai,hyundai_santa_fe,SANTA_FE,Compact SUV,3538.0,136.5194357915807,0.6341801385681294,,67.39159395230273,
2025-10-01,National,NTL,National,Model,Hyundai,hyundai_sonata,SONATA,Midsize Car,0.0,,,,,
2025-10-01,National,NTL,National,Model,Hyundai,hyundai_tucson,TUCSON,Sub-Compact SUV,2705.0,152.72712985879957,-0.02837643678160917,,14.03790061389924,
2025-10-01,National,NTL,National,Model,Hyundai,hyundai_venue,VENUE,Entry CUV,489.0,40.01366459390292,-0.2943722943722944,,-10.48632014986947,
2025-11-01,National,NTL,National,Brand,Hyundai,hyundai,Hyundai,All Hyundai models,3017.5491833009955,111.7695193802329,0.3864494620333512,,2.8670747626294286,
2025-11-01,National,NTL,National,Model,Hyundai,hyundai_elantra,ELANTRA,Compact Car,1337.0,123.66518546686358,-0.35410628019323676,,-74.02898598021604,
2025-11-01,National,NTL,National,Model,Hyundai,hyundai_ioniq_5,IONIQ_5,Mainstream EV SUV,9986.0,118.84633791581099,0.47853124074622455,,38.418655744659304,
2025-11-01,National,NTL,National,Model,Hyundai,hyundai_ioniq_5_n,IONIQ_5_N,Mainstream EV SUV,0.0,0.0,,,0.0,
2025-11-01,National,NTL,National,Model,Hyundai,hyundai_ioniq_6,IONIQ_6,Mainstream EV Car,17227.0,140.86052206616662,0.05151681621192705,,-15.349057743945906,
2025-11-01,National,NTL,National,Model,Hyundai,hyundai_kona,KONA,Entry CUV,2587.0,168.78695689108343,0.6766040181464679,,42.527070452653575,
2025-11-01,National,NTL,National,Model,Hyundai,hyundai_palisade,PALISADE,Midsize SUV,0.0,,,,,
2025-11-01,National,NTL,National,Model,Hyundai,hyundai_santa_cruz,SANTA_CRUZ,Sub-Compact SUV,990.0,43.506242840203065,-0.09090909090909094,,-17.979836426426417,
2025-11-01,National,NTL,National,Model,Hyundai,hyundai_santa_fe,SANTA_FE,Compact SUV,5140.0,149.9848896316406,0.45279819106840025,,13.465453840059922,
2025-11-01,National,NTL,National,Model,Hyundai,hyundai_sonata,SONATA,Midsize Car,0.0,,,,,
2025-11-01,National,NTL,National,Model,Hyundai,hyundai_tucson,TUCSON,Sub-Compact SUV,4233.0,186.02214741674703,0.5648798521256932,,33.29501755794746,
2025-11-01,National,NTL,National,Model,Hyundai,hyundai_venue,VENUE,Entry CUV,362.0,23.61842999403641,-0.25971370143149286,,-16.395234599866505,
2025-12-01,National,NTL,National,Brand,Hyundai,hyundai,Hyundai,All Hyundai models,3257.8120314378402,117.90081891093742,0.07962184989939858,,6.131299530704524,
2025-12-01,National,NTL,National,Model,Hyundai,hyundai_elantra,ELANTRA,Compact Car,1660.0,150.71683748129578,0.24158563949139866,,27.051652014432207,
2025-12-01,National,NTL,National,Model,Hyundai,hyundai_ioniq_5,IONIQ_5,Mainstream EV SUV,9108.0,112.31858487404223,-0.08792309232926099,,-6.5277530417687615,
2025-12-01,National,NTL,National,Model,Hyundai,hyundai_ioniq_5_n,IONIQ_5_N,Mainstream EV SUV,0.0,0.0,,,0.0,
2025-12-01,National,NTL,National,Model,Hyundai,hyundai_ioniq_6,IONIQ_6,Mainstream EV Car,17063.0,168.65511452016307,-0.009519939629651142,,27.794592453996444,
2025-12-01,National,NTL,National,Model,Hyundai,hyundai_ioniq_9,IONIQ_9,Mainstream EV SUV,13305.0,164.07540313451162,,,,
2025-12-01,National,NTL,National,Model,Hyundai,hyundai_kona,KONA,Entry CUV,2633.0,214.71821313706954,0.0177812137611133,,45.931256245986106,
2025-12-01,National,NTL,National,Model,Hyundai,hyundai_palisade,PALISADE,Midsize SUV,0.0,,,,,
2025-12-01,National,NTL,National,Model,Hyundai,hyundai_santa_cruz,SANTA_CRUZ,Sub-Compact SUV,1253.0,56.521834731071166,0.2656565656565657,,13.015591890868102,
2025-12-01,National,NTL,National,Model,Hyundai,hyundai_santa_fe,SANTA_FE,Compact SUV,5082.0,153.33050139811704,-0.011284046692606964,,3.3456117664764236,
2025-12-01,National,NTL,National,Model,Hyundai,hyundai_sonata,SONATA,Midsize Car,0.0,,,,,
2025-12-01,National,NTL,National,Model,Hyundai,hyundai_tucson,TUCSON,Sub-Compact SUV,4173.0,188.24071534936948,-0.014174344436569841,,2.218567932622449,
2025-12-01,National,NTL,National,Model,Hyundai,hyundai_venue,VENUE,Entry CUV,413.0,33.67968933748945,0.1408839779005524,,10.061259343453038,
2026-01-01,National,NTL,National,Brand,Hyundai,hyundai,Hyundai,All Hyundai models,3121.107739264863,108.81222361947718,-0.0419619949996447,,-9.088595291460237,
2026-01-01,National,NTL,National,Model,Hyundai,hyundai_elantra,ELANTRA,Compact Car,1653.0,147.53193443309982,-0.004216867469879482,,-3.184903048195963,
2026-01-01,National,NTL,National,Model,Hyundai,hyundai_ioniq_5,IONIQ_5,Mainstream EV SUV,9357.0,130.03943511343988,0.02733860342556005,,17.72085023939765,
2026-01-01,National,NTL,National,Model,Hyundai,hyundai_ioniq_5_n,IONIQ_5_N,Mainstream EV SUV,0.0,0.0,,,0.0,
2026-01-01,National,NTL,National,Model,Hyundai,hyundai_ioniq_6,IONIQ_6,Mainstream EV Car,18143.0,174.03961403468034,0.06329484850260791,,5.384499514517273,
2026-01-01,National,NTL,National,Model,Hyundai,hyundai_ioniq_9,IONIQ_9,Mainstream EV SUV,15137.0,210.36731103047336,0.1376925967681324,,46.29190789596174,
2026-01-01,National,NTL,National,Model,Hyundai,hyundai_kona,KONA,Entry CUV,2525.0,185.37440870870418,-0.041017850360805186,,-29.34380442836536,
2026-01-01,National,NTL,National,Model,Hyundai,hyundai_palisade,PALISADE,Midsize SUV,0.0,,,,,
2026-01-01,National,NTL,National,Model,Hyundai,hyundai_santa_cruz,SANTA_CRUZ,Sub-Compact SUV,1117.0,46.924302422958235,-0.10853950518754985,,-9.597532308112932,
2026-01-01,National,NTL,National,Model,Hyundai,hyundai_santa_fe,SANTA_FE,Compact SUV,4507.0,136.07840278887764,-0.11314443132624952,,-17.252098609239397,
2026-01-01,National,NTL,National,Model,Hyundai,hyundai_sonata,SONATA,Midsize Car,0.0,,,,,
2026-01-01,National,NTL,National,Model,Hyundai,hyundai_tucson,TUCSON,Sub-Compact SUV,3907.0,164.13003542211086,-0.06374311047208248,,-24.110679927258616,
2026-01-01,National,NTL,National,Model,Hyundai,hyundai_venue,VENUE,Entry CUV,418.0,30.687723897124098,0.012106537530266248,,-2.9919654403653517,
2026-02-01,National,NTL,National,Brand,Hyundai,hyundai,Hyundai,All Hyundai models,2919.044841889724,104.84146997842879,-0.06474076329794765,,-3.9707536410483897,
2026-02-01,National,NTL,National,Model,Hyundai,hyundai_elantra,ELANTRA,Compact Car,1263.0,104.20751989534708,-0.23593466424682397,,-43.324414537752745,
2026-02-01,National,NTL,National,Model,Hyundai,hyundai_ioniq_5,IONIQ_5,Mainstream EV SUV,9637.0,141.79868235657798,0.029924120978946256,,11.759247243138105,
2026-02-01,National,NTL,National,Model,Hyundai,hyundai_ioniq_5_n,IONIQ_5_N,Mainstream EV SUV,0.0,0.0,,,0.0,
2026-02-01,National,NTL,National,Model,Hyundai,hyundai_ioniq_6,IONIQ_6,Mainstream EV Car,18038.0,188.39407193433328,-0.005787356005070854,,14.354457899652942,
2026-02-01,National,NTL,National,Model,Hyundai,hyundai_ioniq_9,IONIQ_9,Mainstream EV SUV,15606.0,229.62646434126347,0.03098368236770832,,19.25915331079011,
2026-02-01,National,NTL,National,Model,Hyundai,hyundai_kona,KONA,Entry CUV,2257.0,184.47481957830294,-0.10613861386138612,,-0.8995891304012389,
2026-02-01,National,NTL,National,Model,Hyundai,hyundai_palisade,PALISADE,Midsize SUV,0.0,,,,,
2026-02-01,National,NTL,National,Model,Hyundai,hyundai_santa_cruz,SANTA_CRUZ,Sub-Compact SUV,985.0,41.00656395601718,-0.11817367949865709,,-5.917738466941053,
2026-02-01,National,NTL,National,Model,Hyundai,hyundai_santa_fe,SANTA_FE,Compact SUV,4627.0,144.49956382093714,0.026625249611715196,,8.421161032059501,
2026-02-01,National,NTL,National,Model,Hyundai,hyundai_sonata,SONATA,Midsize Car,0.0,,,,,
2026-02-01,National,NTL,National,Model,Hyundai,hyundai_tucson,TUCSON,Sub-Compact SUV,3979.0,165.64986597055062,0.018428461735346735,,1.5198305484397565,
2026-02-01,National,NTL,National,Model,Hyundai,hyundai_venue,VENUE,Entry CUV,394.0,32.203402265773754,-0.0574162679425837,,1.515678368649656,
2026-03-01,National,NTL,National,Brand,Hyundai,hyundai,Hyundai,All Hyundai models,3066.6871579715435,114.42898987411998,0.05057898185155629,,9.587519895691187,
2026-03-01,National,NTL,National,Model,Hyundai,hyundai_elantra,ELANTRA,Compact Car,2465.0,165.38969359052356,0.9517022961203483,,61.18217369517649,
2026-03-01,National,NTL,National,Model,Hyundai,hyundai_ioniq_5,IONIQ_5,Mainstream EV SUV,8660.0,131.41189030775217,-0.10138009754072841,,-10.38679204882581,
2026-03-01,National,NTL,National,Model,Hyundai,hyundai_ioniq_5_n,IONIQ_5_N,Mainstream EV SUV,0.0,0.0,,,0.0,
2026-03-01,National,NTL,National,Model,Hyundai,hyundai_ioniq_6,IONIQ_6,Mainstream EV Car,15169.0,170.8951720264646,-0.15905311010089807,,-17.49889990786869,
2026-03-01,National,NTL,National,Model,Hyundai,hyundai_ioniq_9,IONIQ_9,Mainstream EV SUV,15607.0,236.82971963430577,6.407791874929458e-05,,7.203255293042304,
2026-03-01,National,NTL,National,Model,Hyundai,hyundai_kona,KONA,Entry CUV,2362.0,167.46579227933466,0.04652193176783337,,-17.009027298968277,
2026-03-01,National,NTL,National,Model,Hyundai,hyundai_palisade,PALISADE,Midsize SUV,0.0,,,,,
2026-03-01,National,NTL,National,Model,Hyundai,hyundai_santa_cruz,SANTA_CRUZ,Sub-Compact SUV,1613.0,63.54172722621373,0.6375634517766497,,22.53516327019655,
2026-03-01,National,NTL,National,Model,Hyundai,hyundai_santa_fe,SANTA_FE,Compact SUV,4905.0,145.66336210191056,0.06008212664793611,,1.163798280973424,
2026-03-01,National,NTL,National,Model,Hyundai,hyundai_sonata,SONATA,Midsize Car,0.0,,,,,
2026-03-01,National,NTL,National,Model,Hyundai,hyundai_tucson,TUCSON,Sub-Compact SUV,4562.0,179.71318016490207,0.14651922593616495,,14.063314194351449,
2026-03-01,National,NTL,National,Model,Hyundai,hyundai_venue,VENUE,Entry CUV,419.0,29.707098630415423,0.06345177664974622,,-2.4963036353583306,
2026-04-01,National,NTL,National,Brand,Hyundai,hyundai,Hyundai,All Hyundai models,2930.8338610213245,114.10657565666958,-0.044299692127735324,,-0.322414217450401,
2026-04-01,National,NTL,National,Model,Hyundai,hyundai_elantra,ELANTRA,Compact Car,2563.0,163.9447212380243,0.03975659229208928,,-1.4449723524992635,
2026-04-01,National,NTL,National,Model,Hyundai,hyundai_ioniq_5,IONIQ_5,Mainstream EV SUV,8981.0,148.4684559558033,0.03706697459584296,,17.056565648051134,
2026-04-01,National,NTL,National,Model,Hyundai,hyundai_ioniq_5_n,IONIQ_5_N,Mainstream EV SUV,0.0,0.0,,,0.0,
2026-04-01,National,NTL,National,Model,Hyundai,hyundai_ioniq_6,IONIQ_6,Mainstream EV Car,15318.0,182.92461909143915,0.009822664644999701,,12.029447064974562,
2026-04-01,National,NTL,National,Model,Hyundai,hyundai_ioniq_9,IONIQ_9,Mainstream EV SUV,15539.0,256.881342511661,-0.004357019286217678,,20.051622877355214,
2026-04-01,National,NTL,National,Model,Hyundai,hyundai_kona,KONA,Entry CUV,2514.0,180.00129398305958,0.06435224386113458,,12.535501703724918,
2026-04-01,National,NTL,National,Model,Hyundai,hyundai_palisade,PALISADE,Midsize SUV,0.0,,,,,
2026-04-01,National,NTL,National,Model,Hyundai,hyundai_santa_cruz,SANTA_CRUZ,Sub-Compact SUV,1625.0,65.49274154391809,0.007439553626782391,,1.951014317704356,
2026-04-01,National,NTL,National,Model,Hyundai,hyundai_santa_fe,SANTA_FE,Compact SUV,4305.0,138.18334342701186,-0.1223241590214067,,-7.480018674898702,
2026-04-01,National,NTL,National,Model,Hyundai,hyundai_sonata,SONATA,Midsize Car,0.0,,,,,
2026-04-01,National,NTL,National,Model,Hyundai,hyundai_tucson,TUCSON,Sub-Compact SUV,4324.0,174.27114734517033,-0.052170100832968025,,-5.442032819731736,
2026-04-01,National,NTL,National,Model,Hyundai,hyundai_venue,VENUE,Entry CUV,444.0,31.790204665265893,0.059665871121718395,,2.08310603485047,
2026-05-01,National,NTL,National,Brand,Hyundai,hyundai,Hyundai,All Hyundai models,2778.3632232895866,113.97528331490268,-0.05202295488649966,,-0.13129234176689408,
2026-05-01,National,NTL,National,Model,Hyundai,hyundai_elantra,ELANTRA,Compact Car,1969.0,134.85889408974492,-0.23175965665236054,,-29.085827148279378,
2026-05-01,National,NTL,National,Model,Hyundai,hyundai_ioniq_5,IONIQ_5,Mainstream EV SUV,9497.0,191.5519275411957,0.05745462643358201,,43.0834715853924,
2026-05-01,National,NTL,National,Model,Hyundai,hyundai_ioniq_5_n,IONIQ_5_N,Mainstream EV SUV,0.0,0.0,,,0.0,
2026-05-01,National,NTL,National,Model,Hyundai,hyundai_ioniq_6,IONIQ_6,Mainstream EV Car,15237.0,256.1226373599143,-0.005287896592244379,,73.19801826847512,
2026-05-01,National,NTL,National,Model,Hyundai,hyundai_ioniq_9,IONIQ_9,Mainstream EV SUV,17447.0,351.9012824903908,0.12278782418431033,,95.01993997872984,
2026-05-01,National,NTL,National,Model,Hyundai,hyundai_kona,KONA,Entry CUV,2487.0,179.5468954572185,-0.010739856801909253,,-0.45439852584107143,
2026-05-01,National,NTL,National,Model,Hyundai,hyundai_palisade,PALISADE,Midsize SUV,0.0,,,,,
2026-05-01,National,NTL,National,Model,Hyundai,hyundai_santa_cruz,SANTA_CRUZ,Sub-Compact SUV,1642.0,67.4925926457473,0.010461538461538522,,1.9998511018292078,
2026-05-01,National,NTL,National,Model,Hyundai,hyundai_santa_fe,SANTA_FE,Compact SUV,4358.0,149.6623699219298,0.012311265969802587,,11.479026494917946,
2026-05-01,National,NTL,National,Model,Hyundai,hyundai_sonata,SONATA,Midsize Car,0.0,,,,,
2026-05-01,National,NTL,National,Model,Hyundai,hyundai_tucson,TUCSON,Sub-Compact SUV,4214.0,173.21180597392149,-0.025439407955596627,,-1.0593413712488484,
2026-05-01,National,NTL,National,Model,Hyundai,hyundai_venue,VENUE,Entry CUV,475.0,34.29222973147519,0.06981981981981988,,2.5020250662092955,
2026-06-01,National,NTL,National,Brand,Hyundai,hyundai,Hyundai,All Hyundai models,2382.4698583754234,104.5655608145296,-0.14249157978898985,,-9.409722500373078,
2026-06-01,National,NTL,National,Model,Hyundai,hyundai_elantra,ELANTRA,Compact Car,1826.0,134.18683149251083,-0.07262569832402233,,-0.6720625972340883,
2026-06-01,National,NTL,National,Model,Hyundai,hyundai_ioniq_5,IONIQ_5,Mainstream EV SUV,9382.0,205.47785312937663,-0.012109087080130587,,13.925925588180917,
2026-06-01,National,NTL,National,Model,Hyundai,hyundai_ioniq_5_n,IONIQ_5_N,Mainstream EV SUV,0.0,0.0,,,0.0,
2026-06-01,National,NTL,National,Model,Hyundai,hyundai_ioniq_6,IONIQ_6,Mainstream EV Car,14530.0,288.2178999423317,-0.04640021001509487,,32.09526258241743,
2026-06-01,National,NTL,National,Model,Hyundai,hyundai_ioniq_9,IONIQ_9,Mainstream EV SUV,17272.0,378.2789894745889,-0.010030377715366523,,26.377706984198085,
2026-06-01,National,NTL,National,Model,Hyundai,hyundai_kona,KONA,Entry CUV,2383.0,194.11577659930714,-0.04181745074386811,,14.568881142088628,
2026-06-01,National,NTL,National,Model,Hyundai,hyundai_palisade,PALISADE,Midsize SUV,0.0,,,,,
2026-06-01,National,NTL,National,Model,Hyundai,hyundai_santa_cruz,SANTA_CRUZ,Sub-Compact SUV,1619.0,68.47149615965567,-0.014007308160779552,,0.9789035139083779,
2026-06-01,National,NTL,National,Model,Hyundai,hyundai_santa_fe,SANTA_FE,Compact SUV,3572.0,117.73433655598234,-0.1803579623680588,,-31.92803336594747,
2026-06-01,National,NTL,National,Model,Hyundai,hyundai_sonata,SONATA,Midsize Car,0.0,,,,,
2026-06-01,National,NTL,National,Model,Hyundai,hyundai_tucson,TUCSON,Sub-Compact SUV,3845.0,162.6145168214182,-0.08756525866160414,,-10.597289152503294,
2026-06-01,National,NTL,National,Model,Hyundai,hyundai_venue,VENUE,Entry CUV,481.0,39.181573035781255,0.012631578947368327,,4.889343304306067,
2026-07-01,National,NTL,National,Brand,Hyundai,hyundai,Hyundai,All Hyundai models,2884.449620228824,107.16820410149018,0.2106972141069161,-0.18302928989344336,2.6026432869605713,-6.8524060361091585
2026-07-01,National,NTL,National,Model,Hyundai,hyundai_elantra,ELANTRA,Compact Car,1838.0,134.5361898933132,0.006571741511500528,0.03724604966139955,0.3493584008023731,-43.9331614544235
2026-07-01,National,NTL,National,Model,Hyundai,hyundai_ioniq_5,IONIQ_5,Mainstream EV SUV,9568.0,172.8531694595453,0.019825197186100985,-0.5381793609421759,-32.62468366983131,16.391914467644256
2026-07-01,National,NTL,National,Model,Hyundai,hyundai_ioniq_5_n,IONIQ_5_N,Mainstream EV SUV,0.0,0.0,,,0.0,0.0
2026-07-01,National,NTL,National,Model,Hyundai,hyundai_ioniq_6,IONIQ_6,Mainstream EV Car,16464.0,578.732196976065,0.13310392291810058,0.12122037591936796,290.51429703373327,510.3464432200451
2026-07-01,National,NTL,National,Model,Hyundai,hyundai_ioniq_9,IONIQ_9,Mainstream EV SUV,18158.0,328.03802791037043,0.05129689671144044,,-50.24096156421848,
2026-07-01,National,NTL,National,Model,Hyundai,hyundai_kona,KONA,Entry CUV,1864.0,156.18979772111575,-0.21779269827947967,-0.10898661567877632,-37.92597887819139,-9.21957762063829
2026-07-01,National,NTL,National,Model,Hyundai,hyundai_palisade,PALISADE,Midsize SUV,0.0,,,,,
2026-07-01,National,NTL,National,Model,Hyundai,hyundai_santa_cruz,SANTA_CRUZ,Sub-Compact SUV,1639.0,65.17175227504987,0.012353304508956109,0.04195804195804187,-3.299743884605803,-21.102088549533704
2026-07-01,National,NTL,National,Model,Hyundai,hyundai_santa_fe,SANTA_FE,Compact SUV,5627.0,143.67840914807698,0.5753079507278835,0.31073841136734215,25.944072592094642,40.693787872844055
2026-07-01,National,NTL,National,Model,Hyundai,hyundai_sonata,SONATA,Midsize Car,0.0,,,,,
2026-07-01,National,NTL,National,Model,Hyundai,hyundai_tucson,TUCSON,Sub-Compact SUV,4390.0,174.5600930368938,0.14174252275682697,0.5706618962432917,11.945576215475597,21.26359900974117
2026-07-01,National,NTL,National,Model,Hyundai,hyundai_venue,VENUE,Entry CUV,459.0,38.4608997607254,-0.04573804573804574,-0.33574529667149056,-0.7206732750558587,-16.174797352636
2026-08-01,National,NTL,National,Brand,Hyundai,hyundai,Hyundai,All Hyundai models,2732.9588968964904,108.64526136735448,-0.052519802138307425,-0.02763859735692986,1.4770572658643033,3.195103259458321
2026-08-01,National,NTL,National,Model,Hyundai,hyundai_elantra,ELANTRA,Compact Car,1935.0,155.4681580344655,0.05277475516866148,0.24677835051546393,20.931968141152282,-9.643701500835675
2026-08-01,National,NTL,National,Model,Hyundai,hyundai_ioniq_5,IONIQ_5,Mainstream EV SUV,7632.0,159.8460948680624,-0.2023411371237458,-0.6370035671819263,-13.007074591482905,4.9425582544323845
2026-08-01,National,NTL,National,Model,Hyundai,hyundai_ioniq_6,IONIQ_6,Mainstream EV Car,16464.0,1530.1283531857325,0.0,0.12129673772389848,951.3961562096675,1471.2855358762945
2026-08-01,National,NTL,National,Model,Hyundai,hyundai_ioniq_9,IONIQ_9,Mainstream EV SUV,17336.0,363.0885614036596,-0.045269302786650534,,35.05053349328915,
2026-08-01,National,NTL,National,Model,Hyundai,hyundai_kona,KONA,Entry CUV,1341.0,124.41659647985017,-0.2805793991416309,-0.31476750127746556,-31.773201241265582,-33.7987241795133
2026-08-01,National,NTL,National,Model,Hyundai,hyundai_palisade,PALISADE,Midsize SUV,0.0,,,,,
2026-08-01,National,NTL,National,Model,Hyundai,hyundai_santa_cruz,SANTA_CRUZ,Sub-Compact SUV,2267.0,90.57245017112044,0.38316046369737644,0.6755358462675536,25.400697896070568,16.669944151660616
2026-08-01,National,NTL,National,Model,Hyundai,hyundai_santa_fe,SANTA_FE,Compact SUV,4501.0,121.17108267363813,-0.2001066287542207,0.22442872687704019,-22.507326474438855,24.190476016185173
2026-08-01,National,NTL,National,Model,Hyundai,hyundai_sonata,SONATA,Midsize Car,0.0,,,,,
2026-08-01,National,NTL,National,Model,Hyundai,hyundai_tucson,TUCSON,Sub-Compact SUV,4908.0,196.08715722975697,0.117995444191344,0.972668810289389,21.52706419286318,60.189570403137566
2026-08-01,National,NTL,National,Model,Hyundai,hyundai_venue,VENUE,Entry CUV,479.0,44.44112581196736,0.04357298474945526,-0.30979827089337175,5.980226051241964,-11.665891325282644
